Tipe,Nama,Kuantitas/Panjang,Satuan,Latitude,Longitude
POP / Server OLT,Stasiun Waru,1,pcs,-7.3526317845124165,112.72926432353755
ODC,ODC 01,1,pcs,-7.352836,112.7279337
Join Closure,JOIN CLOSURE ODC 01,1,pcs,-7.352836,112.7279337
ODP,01/01,1,pcs,-7.352836,112.7279337
Kabel Distribusi,ODC 01 -> 01/01,0.0,m,,
Homepass (Titik Rumah),01/01-01,1,pcs,-7.352932665271502,112.7289288749165
Kabel Drop,01/01 -> 01/01-01,132.33,m,,
Homepass (Titik Rumah),01/01-02,1,pcs,-7.352702549999998,112.7284681
Kabel Drop,01/01 -> 01/01-02,72.93,m,,
Homepass (Titik Rumah),01/01-03,1,pcs,-7.352872810235348,112.7283213732818
Kabel Drop,01/01 -> 01/01-03,51.54,m,,
Homepass (Titik Rumah),01/01-04,1,pcs,-7.352901372713514,112.72820904656379
Kabel Drop,01/01 -> 01/01-04,37.47,m,,
Homepass (Titik Rumah),01/01-05,1,pcs,-7.35268599512393,112.72811483123702
Kabel Drop,01/01 -> 01/01-05,31.23,m,,
Homepass (Titik Rumah),01/01-06,1,pcs,-7.352797299999999,112.7280555
Kabel Drop,01/01 -> 01/01-06,16.93,m,,
Homepass (Titik Rumah),01/01-07,1,pcs,-7.3526410271584055,112.72769876284573
Kabel Drop,01/01 -> 01/01-07,40.54,m,,
Homepass (Titik Rumah),01/01-08,1,pcs,-7.352885094624701,112.72764846584289
Kabel Drop,01/01 -> 01/01-08,38.31,m,,
ODC,ODC 02,1,pcs,-7.353633278637128,112.72807381178397
Join Closure,JOIN CLOSURE ODC 02,1,pcs,-7.353633278637128,112.72807381178397
ODP,02/01,1,pcs,-7.3536406,112.728122
Kabel Distribusi,ODC 02 -> 02/01,6.45,m,,
Homepass (Titik Rumah),02/01-01,1,pcs,-7.353877678173235,112.72795255576474
Kabel Drop,02/01 -> 02/01-01,38.78,m,,
Homepass (Titik Rumah),02/01-02,1,pcs,-7.3539654539755,112.72794452142291
Kabel Drop,02/01 -> 02/01-02,49.3,m,,
Homepass (Titik Rumah),02/01-03,1,pcs,-7.353861728054776,112.72785465779563
Kabel Drop,02/01 -> 02/01-03,46.07,m,,
Homepass (Titik Rumah),02/01-04,1,pcs,-7.3539375215550615,112.72784123679935
Kabel Drop,02/01 -> 02/01-04,54.32,m,,
Homepass (Titik Rumah),02/01-05,1,pcs,-7.35374835,112.72797399999999
Kabel Drop,02/01 -> 02/01-05,24.3,m,,
Homepass (Titik Rumah),02/01-06,1,pcs,-7.354013703992297,112.72793042143526
Kabel Drop,02/01 -> 02/01-06,55.87,m,,
Homepass (Titik Rumah),02/01-07,1,pcs,-7.353989749999999,112.72782984999999
Kabel Drop,02/01 -> 02/01-07,60.54,m,,
Homepass (Titik Rumah),02/01-08,1,pcs,-7.35407585,112.72791435
Kabel Drop,02/01 -> 02/01-08,64.25,m,,
ODP,02/02,1,pcs,-7.3536406,112.728122
Kabel Distribusi,ODC 02 -> 02/02,6.45,m,,
Homepass (Titik Rumah),02/02-01,1,pcs,-7.3540608715278015,112.72782313656121
Kabel Drop,02/02 -> 02/02-01,68.62,m,,
Homepass (Titik Rumah),02/02-02,1,pcs,-7.354133349999999,112.7278067
Kabel Drop,02/02 -> 02/02-02,77.87,m,,
Homepass (Titik Rumah),02/02-03,1,pcs,-7.3541254,112.72790095
Kabel Drop,02/02 -> 02/02-03,71.0,m,,
Homepass (Titik Rumah),02/02-04,1,pcs,-7.354056550000001,112.72771720000001
Kabel Drop,02/02 -> 02/02-04,77.14,m,,
Homepass (Titik Rumah),02/02-05,1,pcs,-7.35400735,112.72772959999998
Kabel Drop,02/02 -> 02/02-05,71.35,m,,
Homepass (Titik Rumah),02/02-06,1,pcs,-7.3541696000000005,112.72788985
Kabel Drop,02/02 -> 02/02-06,76.98,m,,
Homepass (Titik Rumah),02/02-07,1,pcs,-7.353954153247436,112.72774167108814
Kabel Drop,02/02 -> 02/02-07,65.45,m,,
Homepass (Titik Rumah),02/02-08,1,pcs,-7.354209549999999,112.72778725
Kabel Drop,02/02 -> 02/02-08,87.9,m,,
ODP,02/03,1,pcs,-7.3536406,112.728122
Kabel Distribusi,ODC 02 -> 02/03,6.45,m,,
Homepass (Titik Rumah),02/03-01,1,pcs,-7.353851069691018,112.7275431983591
Kabel Drop,02/03 -> 02/03-01,81.58,m,,
Homepass (Titik Rumah),02/03-02,1,pcs,-7.353840408458933,112.72760758190468
Kabel Drop,02/03 -> 02/03-02,73.11,m,,
Homepass (Titik Rumah),02/03-03,1,pcs,-7.353962167943822,112.72757032087732
Kabel Drop,02/03 -> 02/03-03,84.68,m,,
Homepass (Titik Rumah),02/03-04,1,pcs,-7.3538324500000005,112.72767495
Kabel Drop,02/03 -> 02/03-04,64.46,m,,
Homepass (Titik Rumah),02/03-05,1,pcs,-7.353976100000001,112.72763305000002
Kabel Drop,02/03 -> 02/03-05,78.68,m,,
Homepass (Titik Rumah),02/03-06,1,pcs,-7.353824478062122,112.72774705785946
Kabel Drop,02/03 -> 02/03-06,55.35,m,,
Homepass (Titik Rumah),02/03-07,1,pcs,-7.35389995,112.72775005
Kabel Drop,02/03 -> 02/03-07,60.17,m,,
Homepass (Titik Rumah),02/03-08,1,pcs,-7.35407285,112.7275878
Kabel Drop,02/03 -> 02/03-08,91.24,m,,
ODP,02/04,1,pcs,-7.353066457192704,112.72863724453562
Kabel Distribusi,ODC 02 -> 02/04,106.21,m,,
Homepass (Titik Rumah),02/04-01,1,pcs,-7.353295418686061,112.72858051128904
Kabel Drop,02/04 -> 02/04-01,31.46,m,,
Homepass (Titik Rumah),02/04-02,1,pcs,-7.353207303906272,112.72861807266113
Kabel Drop,02/04 -> 02/04-02,18.96,m,,
Homepass (Titik Rumah),02/04-03,1,pcs,-7.353180340155847,112.72885077507412
Kabel Drop,02/04 -> 02/04-03,32.08,m,,
Homepass (Titik Rumah),02/04-04,1,pcs,-7.353275450000001,112.72828684999999
Kabel Drop,02/04 -> 02/04-04,54.11,m,,
Homepass (Titik Rumah),02/04-05,1,pcs,-7.353234530585242,112.72893292510162
Kabel Drop,02/04 -> 02/04-05,45.1,m,,
Homepass (Titik Rumah),02/04-06,1,pcs,-7.352931995265879,112.7285946269063
Kabel Drop,02/04 -> 02/04-06,18.81,m,,
Homepass (Titik Rumah),02/04-07,1,pcs,-7.353076337089519,112.72893257482637
Kabel Drop,02/04 -> 02/04-07,39.11,m,,
Homepass (Titik Rumah),02/04-08,1,pcs,-7.352828569786728,112.72851814918309
Kabel Drop,02/04 -> 02/04-08,35.44,m,,
ODC,ODC 03,1,pcs,-7.353684205365642,112.7284328705919
Join Closure,JOIN CLOSURE ODC 03,1,pcs,-7.353684205365642,112.7284328705919
ODP,03/01,1,pcs,-7.353724144091565,112.72867203029979
Kabel Distribusi,ODC 03 -> 03/01,32.1,m,,
Homepass (Titik Rumah),03/01-01,1,pcs,-7.355200752309761,112.72894832223196
Kabel Drop,03/01 -> 03/01-01,200.39,m,,
Homepass (Titik Rumah),03/01-02,1,pcs,-7.354543499999998,112.72820515
Kabel Drop,03/01 -> 03/01-02,125.58,m,,
Homepass (Titik Rumah),03/01-03,1,pcs,-7.353481005661995,112.7289355749209
Kabel Drop,03/01 -> 03/01-03,47.63,m,,
Homepass (Titik Rumah),03/01-04,1,pcs,-7.353473365375923,112.72868567477039
Kabel Drop,03/01 -> 03/01-04,33.51,m,,
Homepass (Titik Rumah),03/01-05,1,pcs,-7.353495104279584,112.72853017405889
Kabel Drop,03/01 -> 03/01-05,35.87,m,,
Homepass (Titik Rumah),03/01-06,1,pcs,-7.353378557423827,112.72893257902447
Kabel Drop,03/01 -> 03/01-06,57.58,m,,
Homepass (Titik Rumah),03/01-07,1,pcs,-7.353511557069823,112.7282519728813
Kabel Drop,03/01 -> 03/01-07,62.41,m,,
Homepass (Titik Rumah),03/01-08,1,pcs,-7.353359456755173,112.72877822267439
Kabel Drop,03/01 -> 03/01-08,50.65,m,,
ODP,03/02,1,pcs,-7.353706900621801,112.72856877354594
Kabel Distribusi,ODC 03 -> 03/02,18.24,m,,
Homepass (Titik Rumah),03/02-01,1,pcs,-7.354190900000002,112.72845615
Kabel Drop,03/02 -> 03/02-01,66.28,m,,
Homepass (Titik Rumah),03/02-02,1,pcs,-7.354083504817873,112.72843267257083
Kabel Drop,03/02 -> 03/02-02,53.38,m,,
Homepass (Titik Rumah),03/02-03,1,pcs,-7.35433655,112.72839815000002
Kabel Drop,03/02 -> 03/02-03,87.0,m,,
Homepass (Titik Rumah),03/02-04,1,pcs,-7.353876675704533,112.72856980867769
Kabel Drop,03/02 -> 03/02-04,22.65,m,,
Homepass (Titik Rumah),03/02-05,1,pcs,-7.354488176846255,112.72828485821074
Kabel Drop,03/02 -> 03/02-05,110.81,m,,
Homepass (Titik Rumah),03/02-06,1,pcs,-7.354059545730495,112.72877567585901
Kabel Drop,03/02 -> 03/02-06,54.44,m,,
Homepass (Titik Rumah),03/02-07,1,pcs,-7.353816453117991,112.72840047240598
Kabel Drop,03/02 -> 03/02-07,26.64,m,,
Homepass (Titik Rumah),03/02-08,1,pcs,-7.353891644721785,112.72871667577374
Kabel Drop,03/02 -> 03/02-08,31.48,m,,
ODP,03/03,1,pcs,-7.35366528417333,112.72830179591877
Kabel Distribusi,ODC 03 -> 03/03,17.53,m,,
Homepass (Titik Rumah),03/03-01,1,pcs,-7.35418822269945,112.72823854604663
Kabel Drop,03/03 -> 03/03-01,70.28,m,,
Homepass (Titik Rumah),03/03-02,1,pcs,-7.35420885,112.72832740000003
Kabel Drop,03/03 -> 03/03-02,72.61,m,,
Homepass (Titik Rumah),03/03-03,1,pcs,-7.354058550000001,112.72819095
Kabel Drop,03/03 -> 03/03-03,54.49,m,,
Homepass (Titik Rumah),03/03-04,1,pcs,-7.354217153672193,112.7283840741736
Kabel Drop,03/03 -> 03/03-04,74.44,m,,
Homepass (Titik Rumah),03/03-05,1,pcs,-7.354097153398211,112.72807927098509
Kabel Drop,03/03 -> 03/03-05,64.71,m,,
Homepass (Titik Rumah),03/03-06,1,pcs,-7.354371127031158,112.72826371285149
Kabel Drop,03/03 -> 03/03-06,94.32,m,,
Homepass (Titik Rumah),03/03-07,1,pcs,-7.354045700000001,112.728099
Kabel Drop,03/03 -> 03/03-07,57.42,m,,
Homepass (Titik Rumah),03/03-08,1,pcs,-7.353992050000003,112.72830195
Kabel Drop,03/03 -> 03/03-08,43.6,m,,
ODP,03/04,1,pcs,-7.353649574098495,112.72818736602471
Kabel Distribusi,ODC 03 -> 03/04,32.82,m,,
Homepass (Titik Rumah),03/04-01,1,pcs,-7.353971758803833,112.72819967316613
Kabel Drop,03/04 -> 03/04-01,43.02,m,,
Homepass (Titik Rumah),03/04-02,1,pcs,-7.353892867798868,112.72820858414593
Kabel Drop,03/04 -> 03/04-02,32.58,m,,
Homepass (Titik Rumah),03/04-03,1,pcs,-7.353937528350921,112.72803271233512
Kabel Drop,03/04 -> 03/04-03,43.53,m,,
Homepass (Titik Rumah),03/04-04,1,pcs,-7.35398475,112.72802935
Kabel Drop,03/04 -> 03/04-04,49.37,m,,
Homepass (Titik Rumah),03/04-05,1,pcs,-7.3538700000000015,112.72804245
Kabel Drop,03/04 -> 03/04-05,35.11,m,,
Homepass (Titik Rumah),03/04-06,1,pcs,-7.353785345430509,112.72823132695213
Kabel Drop,03/04 -> 03/04-06,19.03,m,,
Homepass (Titik Rumah),03/04-07,1,pcs,-7.354084456471423,112.72800287491188
Kabel Drop,03/04 -> 03/04-07,62.96,m,,
Homepass (Titik Rumah),03/04-08,1,pcs,-7.35395925,112.72843765
Kabel Drop,03/04 -> 03/04-08,52.96,m,,
ODC,ODC 04,1,pcs,-7.354638964665733,112.72889795942869
Join Closure,JOIN CLOSURE ODC 04,1,pcs,-7.354638964665733,112.72889795942869
ODP,04/01,1,pcs,-7.354993879106558,112.72879285361539
Kabel Distribusi,ODC 04 -> 04/01,49.36,m,,
Homepass (Titik Rumah),04/01-01,1,pcs,-7.354937082374641,112.72879981566186
Kabel Drop,04/01 -> 04/01-01,7.63,m,,
Homepass (Titik Rumah),04/01-02,1,pcs,-7.3549280999999995,112.72869220000003
Kabel Drop,04/01 -> 04/01-02,15.95,m,,
Homepass (Titik Rumah),04/01-03,1,pcs,-7.3551276,112.72881724999999
Kabel Drop,04/01 -> 04/01-03,18.13,m,,
Homepass (Titik Rumah),04/01-04,1,pcs,-7.355124549999999,112.72875535000001
Kabel Drop,04/01 -> 04/01-04,18.13,m,,
Homepass (Titik Rumah),04/01-05,1,pcs,-7.355125172470033,112.72888124730592
Kabel Drop,04/01 -> 04/01-05,21.07,m,,
Homepass (Titik Rumah),04/01-06,1,pcs,-7.355075704158709,112.72895972309652
Kabel Drop,04/01 -> 04/01-06,24.63,m,,
Homepass (Titik Rumah),04/01-07,1,pcs,-7.3550987,112.7286439
Kabel Drop,04/01 -> 04/01-07,24.17,m,,
Homepass (Titik Rumah),04/01-08,1,pcs,-7.355138261593087,112.72869922241154
Kabel Drop,04/01 -> 04/01-08,22.91,m,,
ODP,04/02,1,pcs,-7.354638915015451,112.72889796550831
Kabel Distribusi,ODC 04 -> 04/02,0.01,m,,
Homepass (Titik Rumah),04/02-01,1,pcs,-7.354626712586748,112.72852407487179
Kabel Drop,04/02 -> 04/02-01,49.51,m,,
Homepass (Titik Rumah),04/02-02,1,pcs,-7.354553674525816,112.72860599708808
Kabel Drop,04/02 -> 04/02-02,40.28,m,,
Homepass (Titik Rumah),04/02-03,1,pcs,-7.3547169253097175,112.72862410639642
Kabel Drop,04/02 -> 04/02-03,37.71,m,,
Homepass (Titik Rumah),04/02-04,1,pcs,-7.354479200000002,112.72845745
Kabel Drop,04/02 -> 04/02-04,62.07,m,,
Homepass (Titik Rumah),04/02-05,1,pcs,-7.354456575382446,112.72854095403036
Kabel Drop,04/02 -> 04/02-05,53.14,m,,
Homepass (Titik Rumah),04/02-06,1,pcs,-7.354663482674511,112.72870672740315
Kabel Drop,04/02 -> 04/02-06,25.52,m,,
Homepass (Titik Rumah),04/02-07,1,pcs,-7.35482135,112.7286372
Kabel Drop,04/02 -> 04/02-07,42.23,m,,
Homepass (Titik Rumah),04/02-08,1,pcs,-7.354458912951974,112.72835557295517
Kabel Drop,04/02 -> 04/02-08,75.69,m,,
ODP,04/03,1,pcs,-7.3546162,112.7289084
Kabel Distribusi,ODC 04 -> 04/03,3.34,m,,
Homepass (Titik Rumah),04/03-01,1,pcs,-7.354391399999998,112.72864055000001
Kabel Drop,04/03 -> 04/03-01,46.43,m,,
Homepass (Titik Rumah),04/03-02,1,pcs,-7.3543871,112.72874449999999
Kabel Drop,04/03 -> 04/03-02,37.48,m,,
Homepass (Titik Rumah),04/03-03,1,pcs,-7.354288977255056,112.72867876594115
Kabel Drop,04/03 -> 04/03-03,53.2,m,,
Homepass (Titik Rumah),04/03-04,1,pcs,-7.354313349999999,112.72854144999998
Kabel Drop,04/03 -> 04/03-04,63.18,m,,
Homepass (Titik Rumah),04/03-05,1,pcs,-7.354215520984651,112.72867071590035
Kabel Drop,04/03 -> 04/03-05,62.03,m,,
Homepass (Titik Rumah),04/03-06,1,pcs,-7.354306617704297,112.72880616464548
Kabel Drop,04/03 -> 04/03-06,43.47,m,,
Homepass (Titik Rumah),04/03-07,1,pcs,-7.354190192807193,112.72854297685647
Kabel Drop,04/03 -> 04/03-07,74.63,m,,
Homepass (Titik Rumah),04/03-08,1,pcs,-7.354257086444991,112.72844606810344
Kabel Drop,04/03 -> 04/03-08,77.71,m,,
ODP,04/04,1,pcs,-7.354316187831855,112.72906875880041
Kabel Distribusi,ODC 04 -> 04/04,48.64,m,,
Homepass (Titik Rumah),04/04-01,1,pcs,-7.354217876038212,112.72889952162845
Kabel Drop,04/04 -> 04/04-01,25.96,m,,
Homepass (Titik Rumah),04/04-02,1,pcs,-7.354304593386476,112.72894697572602
Kabel Drop,04/04 -> 04/04-02,16.19,m,,
Homepass (Titik Rumah),04/04-03,1,pcs,-7.354480533209645,112.72895908348359
Kabel Drop,04/04 -> 04/04-03,26.3,m,,
Homepass (Titik Rumah),04/04-04,1,pcs,-7.3546597088801295,112.72880247577447
Kabel Drop,04/04 -> 04/04-04,57.82,m,,
Homepass (Titik Rumah),04/04-05,1,pcs,-7.354786784014792,112.72897953265854
Kabel Drop,04/04 -> 04/04-05,63.89,m,,
Homepass (Titik Rumah),04/04-06,1,pcs,-7.353612649999999,112.72894365
Kabel Drop,04/04 -> 04/04-06,95.32,m,,
Homepass (Titik Rumah),04/04-07,1,pcs,-7.353610306444526,112.72878067882085
Kabel Drop,04/04 -> 04/04-07,101.61,m,,
Homepass (Titik Rumah),04/04-08,1,pcs,-7.3549111499999995,112.72894494999998
Kabel Drop,04/04 -> 04/04-08,81.06,m,,
ODC,ODC 05,1,pcs,-7.354910676416922,112.72825894691118
Join Closure,JOIN CLOSURE ODC 05,1,pcs,-7.354910676416922,112.72825894691118
ODP,05/01,1,pcs,-7.354874034902743,112.7280238135644
Kabel Distribusi,ODC 05 -> 05/01,31.5,m,,
Homepass (Titik Rumah),05/01-01,1,pcs,-7.3550897,112.72775104999998
Kabel Drop,05/01 -> 05/01-01,46.16,m,,
Homepass (Titik Rumah),05/01-02,1,pcs,-7.354973300000003,112.72786169999999
Kabel Drop,05/01 -> 05/01-02,25.21,m,,
Homepass (Titik Rumah),05/01-03,1,pcs,-7.355004600000004,112.72791265000001
Kabel Drop,05/01 -> 05/01-03,22.8,m,,
Homepass (Titik Rumah),05/01-04,1,pcs,-7.3550282000000005,112.72798374999998
Kabel Drop,05/01 -> 05/01-04,21.24,m,,
Homepass (Titik Rumah),05/01-05,1,pcs,-7.355107322381863,112.72808028957903
Kabel Drop,05/01 -> 05/01-05,32.01,m,,
Homepass (Titik Rumah),05/01-06,1,pcs,-7.354996620653648,112.72809707125322
Kabel Drop,05/01 -> 05/01-06,19.01,m,,
Homepass (Titik Rumah),05/01-07,1,pcs,-7.3551322776123,112.72813930627373
Kabel Drop,05/01 -> 05/01-07,37.7,m,,
Homepass (Titik Rumah),05/01-08,1,pcs,-7.355042813261235,112.72814903210869
Kabel Drop,05/01 -> 05/01-08,27.96,m,,
ODP,05/02,1,pcs,-7.354887902815901,112.72811271837072
Kabel Distribusi,ODC 05 -> 05/02,19.59,m,,
Homepass (Titik Rumah),05/02-01,1,pcs,-7.354786081813359,112.72804242820541
Kabel Drop,05/02 -> 05/02-01,16.47,m,,
Homepass (Titik Rumah),05/02-02,1,pcs,-7.354762829256897,112.72798845194129
Kabel Drop,05/02 -> 05/02-02,23.43,m,,
Homepass (Titik Rumah),05/02-03,1,pcs,-7.3547382500000005,112.72810845000001
Kabel Drop,05/02 -> 05/02-03,19.98,m,,
Homepass (Titik Rumah),05/02-04,1,pcs,-7.354672049999999,112.72806520000002
Kabel Drop,05/02 -> 05/02-04,29.48,m,,
Homepass (Titik Rumah),05/02-05,1,pcs,-7.354833008109331,112.72817952262527
Kabel Drop,05/02 -> 05/02-05,11.48,m,,
Homepass (Titik Rumah),05/02-06,1,pcs,-7.354763849999999,112.72818825000002
Kabel Drop,05/02 -> 05/02-06,19.34,m,,
Homepass (Titik Rumah),05/02-07,1,pcs,-7.354654449999998,112.72819969999999
Kabel Drop,05/02 -> 05/02-07,33.21,m,,
Homepass (Titik Rumah),05/02-08,1,pcs,-7.354851273131764,112.72829219282167
Kabel Drop,05/02 -> 05/02-08,24.25,m,,
ODP,05/03,1,pcs,-7.354922295577784,112.7283333752249
Kabel Distribusi,ODC 05 -> 05/03,9.97,m,,
Homepass (Titik Rumah),05/03-01,1,pcs,-7.3547787499999995,112.72830360000002
Kabel Drop,05/03 -> 05/03-01,19.55,m,,
Homepass (Titik Rumah),05/03-02,1,pcs,-7.354717593515063,112.72830092687444
Kabel Drop,05/03 -> 05/03-02,27.65,m,,
Homepass (Titik Rumah),05/03-03,1,pcs,-7.354781449999999,112.72840654999999
Kabel Drop,05/03 -> 05/03-03,21.14,m,,
Homepass (Titik Rumah),05/03-04,1,pcs,-7.354656800000001,112.72842059999998
Kabel Drop,05/03 -> 05/03-04,37.26,m,,
Homepass (Titik Rumah),05/03-05,1,pcs,-7.354607871541479,112.72832604796692
Kabel Drop,05/03 -> 05/03-05,41.97,m,,
Homepass (Titik Rumah),05/03-06,1,pcs,-7.35459905,112.72827100000002
Kabel Drop,05/03 -> 05/03-06,43.91,m,,
Homepass (Titik Rumah),05/03-07,1,pcs,-7.354829029007554,112.72851817443838
Kabel Drop,05/03 -> 05/03-07,27.44,m,,
Homepass (Titik Rumah),05/03-08,1,pcs,-7.354567323084716,112.72840683919001
Kabel Drop,05/03 -> 05/03-08,48.35,m,,
ODP,05/04,1,pcs,-7.354956117062963,112.72855046764603
Kabel Distribusi,ODC 05 -> 05/04,39.05,m,,
Homepass (Titik Rumah),05/04-01,1,pcs,-7.355093650000004,112.72858959999999
Kabel Drop,05/04 -> 05/04-01,19.07,m,,
Homepass (Titik Rumah),05/04-02,1,pcs,-7.3550641999999975,112.7285374
Kabel Drop,05/04 -> 05/04-02,14.53,m,,
Homepass (Titik Rumah),05/04-03,1,pcs,-7.3551665,112.72850074999998
Kabel Drop,05/04 -> 05/04-03,28.83,m,,
Homepass (Titik Rumah),05/04-04,1,pcs,-7.355067427681,112.72844407188421
Kabel Drop,05/04 -> 05/04-04,20.47,m,,
Homepass (Titik Rumah),05/04-05,1,pcs,-7.3548649245662325,112.72857549665447
Kabel Drop,05/04 -> 05/04-05,12.61,m,,
Homepass (Titik Rumah),05/04-06,1,pcs,-7.355067427753155,112.72835990260785
Kabel Drop,05/04 -> 05/04-06,29.27,m,,
Homepass (Titik Rumah),05/04-07,1,pcs,-7.355065899999998,112.72829875
Kabel Drop,05/04 -> 05/04-07,36.39,m,,
Homepass (Titik Rumah),05/04-08,1,pcs,-7.3551429000000015,112.72896005
Kabel Drop,05/04 -> 05/04-08,59.66,m,,
ODC,ODC 06,1,pcs,-7.35485700993346,112.72790029303201
Join Closure,JOIN CLOSURE ODC 06,1,pcs,-7.35485700993346,112.72790029303201
ODP,06/01,1,pcs,-7.354821493492024,112.72763621540444
Kabel Distribusi,ODC 06 -> 06/01,35.27,m,,
Homepass (Titik Rumah),06/01-01,1,pcs,-7.3542155,112.72787245000002
Kabel Drop,06/01 -> 06/01-01,86.69,m,,
Homepass (Titik Rumah),06/01-02,1,pcs,-7.3542837,112.72777285
Kabel Drop,06/01 -> 06/01-02,74.0,m,,
Homepass (Titik Rumah),06/01-03,1,pcs,-7.354209849999999,112.7276961
Kabel Drop,06/01 -> 06/01-03,82.0,m,,
Homepass (Titik Rumah),06/01-04,1,pcs,-7.354403400000002,112.72776515000001
Kabel Drop,06/01 -> 06/01-04,58.34,m,,
Homepass (Titik Rumah),06/01-05,1,pcs,-7.3543149433139705,112.727661878075
Kabel Drop,06/01 -> 06/01-05,67.68,m,,
Homepass (Titik Rumah),06/01-06,1,pcs,-7.354407019894849,112.72769839818686
Kabel Drop,06/01 -> 06/01-06,55.91,m,,
Homepass (Titik Rumah),06/01-07,1,pcs,-7.354188890112318,112.72759817813734
Kabel Drop,06/01 -> 06/01-07,84.56,m,,
Homepass (Titik Rumah),06/01-08,1,pcs,-7.3542999500000015,112.72759345
Kabel Drop,06/01 -> 06/01-08,69.82,m,,
ODP,06/02,1,pcs,-7.354854067687162,112.72787956026812
Kabel Distribusi,ODC 06 -> 06/02,2.77,m,,
Homepass (Titik Rumah),06/02-01,1,pcs,-7.354612849999999,112.72783790000001
Kabel Drop,06/02 -> 06/02-01,32.66,m,,
Homepass (Titik Rumah),06/02-02,1,pcs,-7.354648772467484,112.72789389443557
Kabel Drop,06/02 -> 06/02-02,27.46,m,,
Homepass (Titik Rumah),06/02-03,1,pcs,-7.354519449999999,112.72785065000001
Kabel Drop,06/02 -> 06/02-03,44.81,m,,
Homepass (Titik Rumah),06/02-04,1,pcs,-7.3545476999999995,112.72790764999999
Kabel Drop,06/02 -> 06/02-04,41.05,m,,
Homepass (Titik Rumah),06/02-05,1,pcs,-7.354612199999998,112.72796095
Kabel Drop,06/02 -> 06/02-05,34.02,m,,
Homepass (Titik Rumah),06/02-06,1,pcs,-7.3547542,112.72787745
Kabel Drop,06/02 -> 06/02-06,13.33,m,,
Homepass (Titik Rumah),06/02-07,1,pcs,-7.354744900000006,112.72793109999999
Kabel Drop,06/02 -> 06/02-07,16.08,m,,
Homepass (Titik Rumah),06/02-08,1,pcs,-7.354621500000001,112.72801395
Kabel Drop,06/02 -> 06/02-08,35.77,m,,
ODP,06/03,1,pcs,-7.354866040135754,112.72796900020234
Kabel Distribusi,ODC 06 -> 06/03,9.17,m,,
Homepass (Titik Rumah),06/03-01,1,pcs,-7.35450047749605,112.72797535577459
Kabel Drop,06/03 -> 06/03-01,48.79,m,,
Homepass (Titik Rumah),06/03-02,1,pcs,-7.35444395,112.72804645000001
Kabel Drop,06/03 -> 06/03-02,57.25,m,,
Homepass (Titik Rumah),06/03-03,1,pcs,-7.3544020297432215,112.7279475295005
Kabel Drop,06/03 -> 06/03-03,61.98,m,,
Homepass (Titik Rumah),06/03-04,1,pcs,-7.35438675,112.7280052
Kabel Drop,06/03 -> 06/03-04,64.13,m,,
Homepass (Titik Rumah),06/03-05,1,pcs,-7.354573633278405,112.72807357803485
Kabel Drop,06/03 -> 06/03-05,41.4,m,,
Homepass (Titik Rumah),06/03-06,1,pcs,-7.354416350000001,112.72787745000001
Kabel Drop,06/03 -> 06/03-06,61.21,m,,
Homepass (Titik Rumah),06/03-07,1,pcs,-7.354580935109408,112.7281346278466
Kabel Drop,06/03 -> 06/03-07,43.91,m,,
Homepass (Titik Rumah),06/03-08,1,pcs,-7.354391049999999,112.7281246
Kabel Drop,06/03 -> 06/03-08,66.64,m,,
ODP,06/04,1,pcs,-7.3548694,112.7279941
Kabel Distribusi,ODC 06 -> 06/04,12.52,m,,
Homepass (Titik Rumah),06/04-01,1,pcs,-7.354308950000002,112.72806049999998
Kabel Drop,06/04 -> 06/04-01,75.3,m,,
Homepass (Titik Rumah),06/04-02,1,pcs,-7.35422980639572,112.72805447191047
Kabel Drop,06/04 -> 06/04-02,85.72,m,,
Homepass (Titik Rumah),06/04-03,1,pcs,-7.3542511,112.72796530000001
Kabel Drop,06/04 -> 06/04-03,82.59,m,,
Homepass (Titik Rumah),06/04-04,1,pcs,-7.3542268,112.72815069999999
Kabel Drop,06/04 -> 06/04-04,88.21,m,,
Homepass (Titik Rumah),06/04-05,1,pcs,-7.35429564856331,112.72821977921515
Kabel Drop,06/04 -> 06/04-05,82.18,m,,
Homepass (Titik Rumah),06/04-06,1,pcs,-7.354153649999999,112.72816309999999
Kabel Drop,06/04 -> 06/04-06,98.09,m,,
Homepass (Titik Rumah),06/04-07,1,pcs,-7.354293999999999,112.72786435
Kabel Drop,06/04 -> 06/04-07,78.67,m,,
Homepass (Titik Rumah),06/04-08,1,pcs,-7.354444599999998,112.72821239999998
Kabel Drop,06/04 -> 06/04-08,63.62,m,,
ODC,ODC 07,1,pcs,-7.354806967672975,112.72754110686759
Join Closure,JOIN CLOSURE ODC 07,1,pcs,-7.354806967672975,112.72754110686759
ODP,07/01,1,pcs,-7.354786484714104,112.72742144524344
Kabel Distribusi,ODC 07 -> 07/01,16.07,m,,
Homepass (Titik Rumah),07/01-01,1,pcs,-7.354519800000001,112.72735435000001
Kabel Drop,07/01 -> 07/01-01,36.68,m,,
Homepass (Titik Rumah),07/01-02,1,pcs,-7.354556021618399,112.72684112028774
Kabel Drop,07/01 -> 07/01-02,82.73,m,,
Homepass (Titik Rumah),07/01-03,1,pcs,-7.354958999999998,112.72763505000002
Kabel Drop,07/01 -> 07/01-03,36.45,m,,
Homepass (Titik Rumah),07/01-04,1,pcs,-7.355064427593746,112.7274476564503
Kabel Drop,07/01 -> 07/01-04,37.25,m,,
Homepass (Titik Rumah),07/01-05,1,pcs,-7.354966000000002,112.72770074999998
Kabel Drop,07/01 -> 07/01-05,44.05,m,,
Homepass (Titik Rumah),07/01-06,1,pcs,-7.354524403169594,112.7267831261264
Kabel Drop,07/01 -> 07/01-06,91.43,m,,
Homepass (Titik Rumah),07/01-07,1,pcs,-7.354967329065111,112.7277591022956
Kabel Drop,07/01 -> 07/01-07,50.78,m,,
Homepass (Titik Rumah),07/01-08,1,pcs,-7.3549803,112.72780840000003
Kabel Drop,07/01 -> 07/01-08,57.37,m,,
ODP,07/02,1,pcs,-7.354787379442992,112.72742667225135
Kabel Distribusi,ODC 07 -> 07/02,15.37,m,,
Homepass (Titik Rumah),07/02-01,1,pcs,-7.354413021599773,112.72763439542344
Kabel Drop,07/02 -> 07/02-01,57.02,m,,
Homepass (Titik Rumah),07/02-02,1,pcs,-7.35441335,112.72756229999999
Kabel Drop,07/02 -> 07/02-02,53.04,m,,
Homepass (Titik Rumah),07/02-03,1,pcs,-7.354399740364033,112.72749691806112
Kabel Drop,07/02 -> 07/02-03,52.55,m,,
Homepass (Titik Rumah),07/02-04,1,pcs,-7.354293000000001,112.72752909999997
Kabel Drop,07/02 -> 07/02-04,67.35,m,,
Homepass (Titik Rumah),07/02-05,1,pcs,-7.354361419588278,112.7274409312309
Kabel Drop,07/02 -> 07/02-05,56.87,m,,
Homepass (Titik Rumah),07/02-06,1,pcs,-7.354343218196006,112.7273829208315
Kabel Drop,07/02 -> 07/02-06,59.55,m,,
Homepass (Titik Rumah),07/02-07,1,pcs,-7.354186613803501,112.7274741192555
Kabel Drop,07/02 -> 07/02-07,80.41,m,,
Homepass (Titik Rumah),07/02-08,1,pcs,-7.354154978252269,112.72753180523956
Kabel Drop,07/02 -> 07/02-08,85.52,m,,
ODP,07/03,1,pcs,-7.354796854556919,112.72748202588551
Kabel Distribusi,ODC 07 -> 07/03,7.93,m,,
Homepass (Titik Rumah),07/03-01,1,pcs,-7.354847519812201,112.72743974440867
Kabel Drop,07/03 -> 07/03-01,8.78,m,,
Homepass (Titik Rumah),07/03-02,1,pcs,-7.354852922393726,112.72752238986082
Kabel Drop,07/03 -> 07/03-02,9.19,m,,
Homepass (Titik Rumah),07/03-03,1,pcs,-7.354962360479462,112.72745767237411
Kabel Drop,07/03 -> 07/03-03,22.32,m,,
Homepass (Titik Rumah),07/03-04,1,pcs,-7.354680685544613,112.72740337780091
Kabel Drop,07/03 -> 07/03-04,18.67,m,,
Homepass (Titik Rumah),07/03-05,1,pcs,-7.354957699999999,112.7275804
Kabel Drop,07/03 -> 07/03-05,25.1,m,,
Homepass (Titik Rumah),07/03-06,1,pcs,-7.354668420927398,112.72747782145746
Kabel Drop,07/03 -> 07/03-06,17.15,m,,
Homepass (Titik Rumah),07/03-07,1,pcs,-7.354686678445539,112.72753950286514
Kabel Drop,07/03 -> 07/03-07,16.55,m,,
Homepass (Titik Rumah),07/03-08,1,pcs,-7.355030521682368,112.72738189661803
Kabel Drop,07/03 -> 07/03-08,33.88,m,,
ODP,07/04,1,pcs,-7.35481782927089,112.72760884191482
Kabel Distribusi,ODC 07 -> 07/04,9.08,m,,
Homepass (Titik Rumah),07/04-01,1,pcs,-7.354693650000003,112.72759685
Kabel Drop,07/04 -> 07/04-01,16.65,m,,
Homepass (Titik Rumah),07/04-02,1,pcs,-7.354652449999995,112.72765720000002
Kabel Drop,07/04 -> 07/04-02,22.98,m,,
Homepass (Titik Rumah),07/04-03,1,pcs,-7.354643800000001,112.72771554999999
Kabel Drop,07/04 -> 07/04-03,27.18,m,,
Homepass (Titik Rumah),07/04-04,1,pcs,-7.354548677618406,112.72756665497968
Kabel Drop,07/04 -> 07/04-04,36.35,m,,
Homepass (Titik Rumah),07/04-05,1,pcs,-7.35453705,112.7275013
Kabel Drop,07/04 -> 07/04-05,40.08,m,,
Homepass (Titik Rumah),07/04-06,1,pcs,-7.3546518080026,112.72778121815702
Kabel Drop,07/04 -> 07/04-06,31.8,m,,
Homepass (Titik Rumah),07/04-07,1,pcs,-7.354751521257365,112.72782549754419
Kabel Drop,07/04 -> 07/04-07,30.01,m,,
Homepass (Titik Rumah),07/04-08,1,pcs,-7.354516438267496,112.72743357838169
Kabel Drop,07/04 -> 07/04-08,46.42,m,,
ODC,ODC 08,1,pcs,-7.354745785201616,112.7271836786116
Join Closure,JOIN CLOSURE ODC 08,1,pcs,-7.354745785201616,112.7271836786116
ODP,08/01,1,pcs,-7.354729767782159,112.72709010481569
Kabel Distribusi,ODC 08 -> 08/01,12.57,m,,
Homepass (Titik Rumah),08/01-01,1,pcs,-7.35442565,112.72712145000001
Kabel Drop,08/01 -> 08/01-01,40.79,m,,
Homepass (Titik Rumah),08/01-02,1,pcs,-7.354421349999998,112.72718745000002
Kabel Drop,08/01 -> 08/01-02,43.12,m,,
Homepass (Titik Rumah),08/01-03,1,pcs,-7.35451975,112.72702185
Kabel Drop,08/01 -> 08/01-03,29.44,m,,
Homepass (Titik Rumah),08/01-04,1,pcs,-7.354453571942734,112.72726324268251
Kabel Drop,08/01 -> 08/01-04,43.4,m,,
Homepass (Titik Rumah),08/01-05,1,pcs,-7.35459323414917,112.72717742882286
Kabel Drop,08/01 -> 08/01-05,21.57,m,,
Homepass (Titik Rumah),08/01-06,1,pcs,-7.354545014126853,112.72725417141494
Kabel Drop,08/01 -> 08/01-06,32.85,m,,
Homepass (Titik Rumah),08/01-07,1,pcs,-7.354608858582626,112.727072131908
Kabel Drop,08/01 -> 08/01-07,16.31,m,,
Homepass (Titik Rumah),08/01-08,1,pcs,-7.3545623,112.72691555
Kabel Drop,08/01 -> 08/01-08,32.14,m,,
ODP,08/02,1,pcs,-7.354732338955767,112.72710512561696
Kabel Distribusi,ODC 08 -> 08/02,10.55,m,,
Homepass (Titik Rumah),08/02-01,1,pcs,-7.3540771715673126,112.72722399553582
Kabel Drop,08/02 -> 08/02-01,88.83,m,,
Homepass (Titik Rumah),08/02-02,1,pcs,-7.354050555578164,112.72714052182172
Kabel Drop,08/02 -> 08/02-02,91.09,m,,
Homepass (Titik Rumah),08/02-03,1,pcs,-7.35398475882395,112.72724112191928
Kabel Drop,08/02 -> 08/02-03,101.36,m,,
Homepass (Titik Rumah),08/02-04,1,pcs,-7.35411707829124,112.72712846170622
Kabel Drop,08/02 -> 08/02-04,82.15,m,,
Homepass (Titik Rumah),08/02-05,1,pcs,-7.354021650000002,112.7273115
Kabel Drop,08/02 -> 08/02-05,98.68,m,,
Homepass (Titik Rumah),08/02-06,1,pcs,-7.354188220002383,112.72718104809049
Kabel Drop,08/02 -> 08/02-06,73.3,m,,
Homepass (Titik Rumah),08/02-07,1,pcs,-7.353955499999999,112.727166
Kabel Drop,08/02 -> 08/02-07,103.97,m,,
Homepass (Titik Rumah),08/02-08,1,pcs,-7.354019650000006,112.72738025000001
Kabel Drop,08/02 -> 08/02-08,101.83,m,,
ODP,08/03,1,pcs,-7.35475663106349,112.72724704015795
Kabel Distribusi,ODC 08 -> 08/03,8.51,m,,
Homepass (Titik Rumah),08/03-01,1,pcs,-7.354223156050559,112.72740942186913
Kabel Drop,08/03 -> 08/03-01,74.36,m,,
Homepass (Titik Rumah),08/03-02,1,pcs,-7.354138363781092,112.72742183243594
Kabel Drop,08/03 -> 08/03-02,85.68,m,,
Homepass (Titik Rumah),08/03-03,1,pcs,-7.354224149999999,112.72730885
Kabel Drop,08/03 -> 08/03-03,71.52,m,,
Homepass (Titik Rumah),08/03-04,1,pcs,-7.354139352694126,112.72729877074549
Kabel Drop,08/03 -> 08/03-04,82.65,m,,
Homepass (Titik Rumah),08/03-05,1,pcs,-7.354333550000001,112.72728335000001
Kabel Drop,08/03 -> 08/03-05,56.66,m,,
Homepass (Titik Rumah),08/03-06,1,pcs,-7.354086471890462,112.72730449035397
Kabel Drop,08/03 -> 08/03-06,89.74,m,,
Homepass (Titik Rumah),08/03-07,1,pcs,-7.3542175,112.72723540000001
Kabel Drop,08/03 -> 08/03-07,71.95,m,,
Homepass (Titik Rumah),08/03-08,1,pcs,-7.354055221077711,112.7275076467109
Kabel Drop,08/03 -> 08/03-08,99.74,m,,
ODP,08/04,1,pcs,-7.354764403005048,112.72729244385579
Kabel Distribusi,ODC 08 -> 08/04,14.61,m,,
Homepass (Titik Rumah),08/04-01,1,pcs,-7.35485692108672,112.72721024698555
Kabel Drop,08/04 -> 08/04-01,16.45,m,,
Homepass (Titik Rumah),08/04-02,1,pcs,-7.354871029138884,112.7272916200694
Kabel Drop,08/04 -> 08/04-02,14.23,m,,
Homepass (Titik Rumah),08/04-03,1,pcs,-7.354866942108895,112.72735476858111
Kabel Drop,08/04 -> 08/04-03,15.98,m,,
Homepass (Titik Rumah),08/04-04,1,pcs,-7.355007900000001,112.72718614999998
Kabel Drop,08/04 -> 08/04-04,35.41,m,,
Homepass (Titik Rumah),08/04-05,1,pcs,-7.35503815,112.72726120000002
Kabel Drop,08/04 -> 08/04-05,36.76,m,,
Homepass (Titik Rumah),08/04-06,1,pcs,-7.355023505706708,112.72732393137197
Kabel Drop,08/04 -> 08/04-06,34.82,m,,
Homepass (Titik Rumah),08/04-07,1,pcs,-7.354652099999999,112.72723739999999
Kabel Drop,08/04 -> 08/04-07,16.66,m,,
Homepass (Titik Rumah),08/04-08,1,pcs,-7.354663055387468,112.72732627438987
Kabel Drop,08/04 -> 08/04-08,14.25,m,,
ODC,ODC 09,1,pcs,-7.354665165530403,112.72678903424587
Join Closure,JOIN CLOSURE ODC 09,1,pcs,-7.354665165530403,112.72678903424587
ODP,09/01,1,pcs,-7.35458088893354,112.72648764452049
Kabel Distribusi,ODC 09 -> 09/01,41.44,m,,
Homepass (Titik Rumah),09/01-01,1,pcs,-7.35461235,112.7263526
Kabel Drop,09/01 -> 09/01-01,18.36,m,,
Homepass (Titik Rumah),09/01-02,1,pcs,-7.354671249999998,112.7263139
Kabel Drop,09/01 -> 09/01-02,25.96,m,,
Homepass (Titik Rumah),09/01-03,1,pcs,-7.354705982355929,112.72638845111848
Kabel Drop,09/01 -> 09/01-03,21.24,m,,
Homepass (Titik Rumah),09/01-04,1,pcs,-7.35470400803913,112.72645086287417
Kabel Drop,09/01 -> 09/01-04,17.13,m,,
Homepass (Titik Rumah),09/01-05,1,pcs,-7.354529749999998,112.72652830000003
Kabel Drop,09/01 -> 09/01-05,8.69,m,,
Homepass (Titik Rumah),09/01-06,1,pcs,-7.354728482501234,112.72651270079513
Kabel Drop,09/01 -> 09/01-06,19.97,m,,
Homepass (Titik Rumah),09/01-07,1,pcs,-7.3545447,112.72659805
Kabel Drop,09/01 -> 09/01-07,15.39,m,,
Homepass (Titik Rumah),09/01-08,1,pcs,-7.3547508654077545,112.7265692178313
Kabel Drop,09/01 -> 09/01-08,25.12,m,,
ODP,09/02,1,pcs,-7.3546600798670845,112.7267673890868
Kabel Distribusi,ODC 09 -> 09/02,2.94,m,,
Homepass (Titik Rumah),09/02-01,1,pcs,-7.354739266169733,112.72662886762642
Kabel Drop,09/02 -> 09/02-01,21.16,m,,
Homepass (Titik Rumah),09/02-02,1,pcs,-7.354772570056967,112.7266921970771
Kabel Drop,09/02 -> 09/02-02,18.01,m,,
Homepass (Titik Rumah),09/02-03,1,pcs,-7.354783450000001,112.72676604999998
Kabel Drop,09/02 -> 09/02-03,16.46,m,,
Homepass (Titik Rumah),09/02-04,1,pcs,-7.354887846343062,112.7266681295375
Kabel Drop,09/02 -> 09/02-04,33.11,m,,
Homepass (Titik Rumah),09/02-05,1,pcs,-7.354787769438324,112.72682704792285
Kabel Drop,09/02 -> 09/02-05,18.78,m,,
Homepass (Titik Rumah),09/02-06,1,pcs,-7.354914449999999,112.72677139999999
Kabel Drop,09/02 -> 09/02-06,33.95,m,,
Homepass (Titik Rumah),09/02-07,1,pcs,-7.354498168350941,112.7266919216751
Kabel Drop,09/02 -> 09/02-07,23.8,m,,
Homepass (Titik Rumah),09/02-08,1,pcs,-7.354810050000004,112.726879
Kabel Drop,09/02 -> 09/02-08,24.87,m,,
ODP,09/03,1,pcs,-7.354687321896105,112.72688333424765
Kabel Distribusi,ODC 09 -> 09/03,12.82,m,,
Homepass (Titik Rumah),09/03-01,1,pcs,-7.3541653097985344,112.7269309718667
Kabel Drop,09/03 -> 09/03-01,69.94,m,,
Homepass (Titik Rumah),09/03-02,1,pcs,-7.3542444499999995,112.72691555
Kabel Drop,09/03 -> 09/03-02,59.25,m,,
Homepass (Titik Rumah),09/03-03,1,pcs,-7.354236786493762,112.72700072850637
Kabel Drop,09/03 -> 09/03-03,62.09,m,,
Homepass (Titik Rumah),09/03-04,1,pcs,-7.35432025,112.72698565000002
Kabel Drop,09/03 -> 09/03-04,50.82,m,,
Homepass (Titik Rumah),09/03-05,1,pcs,-7.354276000000001,112.72708020000002
Kabel Drop,09/03 -> 09/03-05,60.75,m,,
Homepass (Titik Rumah),09/03-06,1,pcs,-7.354374782296407,112.726869629096
Kabel Drop,09/03 -> 09/03-06,41.74,m,,
Homepass (Titik Rumah),09/03-07,1,pcs,-7.3544369781000105,112.72693735944593
Kabel Drop,09/03 -> 09/03-07,34.16,m,,
Homepass (Titik Rumah),09/03-08,1,pcs,-7.354406061780486,112.72706037168716
Kabel Drop,09/03 -> 09/03-08,44.24,m,,
ODP,09/04,1,pcs,-7.354717965175672,112.72702115396542
Kabel Distribusi,ODC 09 -> 09/04,31.52,m,,
Homepass (Titik Rumah),09/04-01,1,pcs,-7.3549280792111285,112.72684650472615
Kabel Drop,09/04 -> 09/04-01,36.33,m,,
Homepass (Titik Rumah),09/04-02,1,pcs,-7.3549417310832155,112.72690750155142
Kabel Drop,09/04 -> 09/04-02,33.43,m,,
Homepass (Titik Rumah),09/04-03,1,pcs,-7.3548781693756915,112.72698504868406
Kabel Drop,09/04 -> 09/04-03,21.9,m,,
Homepass (Titik Rumah),09/04-04,1,pcs,-7.354807367483481,112.72693666964977
Kabel Drop,09/04 -> 09/04-04,16.35,m,,
Homepass (Titik Rumah),09/04-05,1,pcs,-7.354894500000005,112.72705135000001
Kabel Drop,09/04 -> 09/04-05,23.89,m,,
Homepass (Titik Rumah),09/04-06,1,pcs,-7.354954350000001,112.7271214
Kabel Drop,09/04 -> 09/04-06,34.22,m,,
Homepass (Titik Rumah),09/04-07,1,pcs,-7.354837668003407,112.72713517107408
Kabel Drop,09/04 -> 09/04-07,21.97,m,,
Homepass (Titik Rumah),09/04-08,1,pcs,-7.354619188474027,112.72699432759045
Kabel Drop,09/04 -> 09/04-08,13.65,m,,
ODC,ODC 10,1,pcs,-7.35448570456886,112.72626583535576
Join Closure,JOIN CLOSURE ODC 10,1,pcs,-7.35448570456886,112.72626583535576
ODP,10/01,1,pcs,-7.3535015,112.7267696
Kabel Distribusi,ODC 10 -> 10/01,147.28,m,,
Homepass (Titik Rumah),10/01-01,1,pcs,-7.353951150000001,112.72733700000002
Kabel Drop,10/01 -> 10/01-01,96.11,m,,
Homepass (Titik Rumah),10/01-02,1,pcs,-7.353853049999997,112.72728405000001
Kabel Drop,10/01 -> 10/01-02,82.68,m,,
Homepass (Titik Rumah),10/01-03,1,pcs,-7.354025999999998,112.72744194999999
Kabel Drop,10/01 -> 10/01-03,113.2,m,,
Homepass (Titik Rumah),10/01-04,1,pcs,-7.353915250000004,112.72746844999999
Kabel Drop,10/01 -> 10/01-04,107.71,m,,
Homepass (Titik Rumah),10/01-05,1,pcs,-7.35386637839079,112.72719051275396
Kabel Drop,10/01 -> 10/01-05,73.98,m,,
Homepass (Titik Rumah),10/01-06,1,pcs,-7.353967450000001,112.72751640000001
Kabel Drop,10/01 -> 10/01-06,116.76,m,,
Homepass (Titik Rumah),10/01-07,1,pcs,-7.35382479498552,112.72747947828356
Kabel Drop,10/01 -> 10/01-07,103.37,m,,
Homepass (Titik Rumah),10/01-08,1,pcs,-7.3537676,112.7272012
Kabel Drop,10/01 -> 10/01-08,67.25,m,,
ODP,10/02,1,pcs,-7.354520832075936,112.72634349931683
Kabel Distribusi,ODC 10 -> 10/02,11.3,m,,
Homepass (Titik Rumah),10/02-01,1,pcs,-7.354121749999998,112.72656619999998
Kabel Drop,10/02 -> 10/02-01,60.86,m,,
Homepass (Titik Rumah),10/02-02,1,pcs,-7.3542132,112.72656419999998
Kabel Drop,10/02 -> 10/02-02,50.38,m,,
Homepass (Titik Rumah),10/02-03,1,pcs,-7.354180599999999,112.72649145
Kabel Drop,10/02 -> 10/02-03,49.44,m,,
Homepass (Titik Rumah),10/02-04,1,pcs,-7.354052249999999,112.72642705
Kabel Drop,10/02 -> 10/02-04,63.49,m,,
Homepass (Titik Rumah),10/02-05,1,pcs,-7.354186581841137,112.72640556572821
Kabel Drop,10/02 -> 10/02-05,45.35,m,,
Homepass (Titik Rumah),10/02-06,1,pcs,-7.354280999999999,112.72648640000001
Kabel Drop,10/02 -> 10/02-06,37.17,m,,
Homepass (Titik Rumah),10/02-07,1,pcs,-7.354311949999999,112.72655615000001
Kabel Drop,10/02 -> 10/02-07,39.61,m,,
Homepass (Titik Rumah),10/02-08,1,pcs,-7.354268034977083,112.72640493038054
Kabel Drop,10/02 -> 10/02-08,34.7,m,,
ODP,10/03,1,pcs,-7.354456680979615,112.72620353598242
Kabel Distribusi,ODC 10 -> 10/03,9.11,m,,
Homepass (Titik Rumah),10/03-01,1,pcs,-7.354330865022898,112.72610988254426
Kabel Drop,10/03 -> 10/03-01,20.87,m,,
Homepass (Titik Rumah),10/03-02,1,pcs,-7.3544421,112.72602605
Kabel Drop,10/03 -> 10/03-02,23.57,m,,
Homepass (Titik Rumah),10/03-03,1,pcs,-7.3544781916764075,112.72609043236312
Kabel Drop,10/03 -> 10/03-03,15.24,m,,
Homepass (Titik Rumah),10/03-04,1,pcs,-7.354508450000002,112.7261397
Kabel Drop,10/03 -> 10/03-04,10.91,m,,
Homepass (Titik Rumah),10/03-05,1,pcs,-7.354548534097134,112.72617559901431
Kabel Drop,10/03 -> 10/03-05,12.8,m,,
Homepass (Titik Rumah),10/03-06,1,pcs,-7.354549053988588,112.72622606112577
Kabel Drop,10/03 -> 10/03-06,12.68,m,,
Homepass (Titik Rumah),10/03-07,1,pcs,-7.354580774824607,112.72627818468304
Kabel Drop,10/03 -> 10/03-07,19.28,m,,
Homepass (Titik Rumah),10/03-08,1,pcs,-7.3544353000000005,112.72646124999999
Kabel Drop,10/03 -> 10/03-08,34.22,m,,
ODP,10/04,1,pcs,-7.354456104777743,112.72620249029866
Kabel Distribusi,ODC 10 -> 10/04,9.27,m,,
Homepass (Titik Rumah),10/04-01,1,pcs,-7.354168299999998,112.72633519999998
Kabel Drop,10/04 -> 10/04-01,42.23,m,,
Homepass (Titik Rumah),10/04-02,1,pcs,-7.3541326,112.7262811
Kabel Drop,10/04 -> 10/04-02,44.4,m,,
Homepass (Titik Rumah),10/04-03,1,pcs,-7.354084141205347,112.7263499274432
Kabel Drop,10/04 -> 10/04-03,53.33,m,,
Homepass (Titik Rumah),10/04-04,1,pcs,-7.354272028714691,112.72631820470477
Kabel Drop,10/04 -> 10/04-04,28.94,m,,
Homepass (Titik Rumah),10/04-05,1,pcs,-7.354348849999999,112.72640660000002
Kabel Drop,10/04 -> 10/04-05,30.57,m,,
Homepass (Titik Rumah),10/04-06,1,pcs,-7.35431325,112.72619435
Kabel Drop,10/04 -> 10/04-06,19.09,m,,
Homepass (Titik Rumah),10/04-07,1,pcs,-7.354388070728333,112.72625974675344
Kabel Drop,10/04 -> 10/04-07,11.82,m,,
Homepass (Titik Rumah),10/04-08,1,pcs,-7.354402683708263,112.72632277935864
Kabel Drop,10/04 -> 10/04-08,17.44,m,,
ODC,ODC 11,1,pcs,-7.354142887679913,112.72600170488654
Join Closure,JOIN CLOSURE ODC 11,1,pcs,-7.354142887679913,112.72600170488654
ODP,11/01,1,pcs,-7.353967429911172,112.72603269296273
Kabel Distribusi,ODC 11 -> 11/01,23.77,m,,
Homepass (Titik Rumah),11/01-01,1,pcs,-7.354016999999999,112.72572095
Kabel Drop,11/01 -> 11/01-01,41.78,m,,
Homepass (Titik Rumah),11/01-02,1,pcs,-7.3539571499999985,112.72583259999999
Kabel Drop,11/01 -> 11/01-02,26.52,m,,
Homepass (Titik Rumah),11/01-03,1,pcs,-7.3537792500000005,112.72586009999999
Kabel Drop,11/01 -> 11/01-03,33.94,m,,
Homepass (Titik Rumah),11/01-04,1,pcs,-7.354158868142298,112.7254819457845
Kabel Drop,11/01 -> 11/01-04,77.23,m,,
Homepass (Titik Rumah),11/01-05,1,pcs,-7.353832429122684,112.72596436802361
Kabel Drop,11/01 -> 11/01-05,20.16,m,,
Homepass (Titik Rumah),11/01-06,1,pcs,-7.354129899999998,112.7254286
Kabel Drop,11/01 -> 11/01-06,82.83,m,,
Homepass (Titik Rumah),11/01-07,1,pcs,-7.353779903402533,112.72596707114721
Kabel Drop,11/01 -> 11/01-07,26.49,m,,
Homepass (Titik Rumah),11/01-08,1,pcs,-7.35372825,112.72598630000002
Kabel Drop,11/01 -> 11/01-08,32.5,m,,
ODP,11/02,1,pcs,-7.3540674299366415,112.72601503168487
Kabel Distribusi,ODC 11 -> 11/02,10.22,m,,
Homepass (Titik Rumah),11/02-01,1,pcs,-7.3540246,112.72609415
Kabel Drop,11/02 -> 11/02-01,11.93,m,,
Homepass (Titik Rumah),11/02-02,1,pcs,-7.354080850000001,112.72608675000001
Kabel Drop,11/02 -> 11/02-02,9.66,m,,
Homepass (Titik Rumah),11/02-03,1,pcs,-7.354123049999999,112.72615850000001
Kabel Drop,11/02 -> 11/02-03,20.39,m,,
Homepass (Titik Rumah),11/02-04,1,pcs,-7.353998385760458,112.7259791172338
Kabel Drop,11/02 -> 11/02-04,10.37,m,,
Homepass (Titik Rumah),11/02-05,1,pcs,-7.354129350000002,112.72621179999999
Kabel Drop,11/02 -> 11/02-05,27.32,m,,
Homepass (Titik Rumah),11/02-06,1,pcs,-7.354176279034503,112.7260324019312
Kabel Drop,11/02 -> 11/02-06,14.7,m,,
Homepass (Titik Rumah),11/02-07,1,pcs,-7.354192555275621,112.72608608097438
Kabel Drop,11/02 -> 11/02-07,19.16,m,,
Homepass (Titik Rumah),11/02-08,1,pcs,-7.353900600000001,112.72595969999999
Kabel Drop,11/02 -> 11/02-08,23.43,m,,
ODP,11/03,1,pcs,-7.354254975410141,112.72582986637124
Kabel Distribusi,ODC 11 -> 11/03,27.22,m,,
Homepass (Titik Rumah),11/03-01,1,pcs,-7.354152950000003,112.72592885000002
Kabel Drop,11/03 -> 11/03-01,18.89,m,,
Homepass (Titik Rumah),11/03-02,1,pcs,-7.354102782454215,112.72587285048164
Kabel Drop,11/03 -> 11/03-02,21.09,m,,
Homepass (Titik Rumah),11/03-03,1,pcs,-7.35413735,112.72580414999997
Kabel Drop,11/03 -> 11/03-03,16.06,m,,
Homepass (Titik Rumah),11/03-04,1,pcs,-7.35429732718812,112.72602640854765
Kabel Drop,11/03 -> 11/03-04,26.62,m,,
Homepass (Titik Rumah),11/03-05,1,pcs,-7.353977070839668,112.72590834568715
Kabel Drop,11/03 -> 11/03-05,38.51,m,,
Homepass (Titik Rumah),11/03-06,1,pcs,-7.354322245545823,112.72586363184107
Kabel Drop,11/03 -> 11/03-06,10.03,m,,
Homepass (Titik Rumah),11/03-07,1,pcs,-7.354135383069147,112.72574241660925
Kabel Drop,11/03 -> 11/03-07,19.71,m,,
Homepass (Titik Rumah),11/03-08,1,pcs,-7.354318933145262,112.7258026002832
Kabel Drop,11/03 -> 11/03-08,9.27,m,,
ODP,11/04,1,pcs,-7.354215438916018,112.72575396370766
Kabel Distribusi,ODC 11 -> 11/04,34.18,m,,
Homepass (Titik Rumah),11/04-01,1,pcs,-7.354296133621563,112.72575969960153
Kabel Drop,11/04 -> 11/04-01,10.79,m,,
Homepass (Titik Rumah),11/04-02,1,pcs,-7.354272867695474,112.72569849802468
Kabel Drop,11/04 -> 11/04-02,10.61,m,,
Homepass (Titik Rumah),11/04-03,1,pcs,-7.354228800000001,112.7256378
Kabel Drop,11/04 -> 11/04-03,15.48,m,,
Homepass (Titik Rumah),11/04-04,1,pcs,-7.35427635,112.72561570000002
Kabel Drop,11/04 -> 11/04-04,20.02,m,,
Homepass (Titik Rumah),11/04-05,1,pcs,-7.354377265647989,112.72590535127335
Kabel Drop,11/04 -> 11/04-05,29.46,m,,
Homepass (Titik Rumah),11/04-06,1,pcs,-7.35410645,112.72567669999998
Kabel Drop,11/04 -> 11/04-06,17.78,m,,
Homepass (Titik Rumah),11/04-07,1,pcs,-7.354399249999999,112.72596855
Kabel Drop,11/04 -> 11/04-07,37.52,m,,
Homepass (Titik Rumah),11/04-08,1,pcs,-7.3542002253640195,112.72554343507106
Kabel Drop,11/04 -> 11/04-08,27.93,m,,
ODC,ODC 12,1,pcs,-7.353691554861524,112.7260804251896
Join Closure,JOIN CLOSURE ODC 12,1,pcs,-7.353691554861524,112.7260804251896
ODP,12/01,1,pcs,-7.353533077664313,112.72610940510047
Kabel Distribusi,ODC 12 -> 12/01,21.49,m,,
Homepass (Titik Rumah),12/01-01,1,pcs,-7.353650569559094,112.72586479782011
Kabel Drop,12/01 -> 12/01-01,35.97,m,,
Homepass (Titik Rumah),12/01-02,1,pcs,-7.35366885,112.72591779999999
Kabel Drop,12/01 -> 12/01-02,31.16,m,,
Homepass (Titik Rumah),12/01-03,1,pcs,-7.353656520840191,112.7260005887593
Kabel Drop,12/01 -> 12/01-03,21.88,m,,
Homepass (Titik Rumah),12/01-04,1,pcs,-7.3536418999999995,112.72544805000001
Kabel Drop,12/01 -> 12/01-04,88.72,m,,
Homepass (Titik Rumah),12/01-05,1,pcs,-7.3531897,112.7258202
Kabel Drop,12/01 -> 12/01-05,59.7,m,,
Homepass (Titik Rumah),12/01-06,1,pcs,-7.353647899999996,112.72538535
Kabel Drop,12/01 -> 12/01-06,97.04,m,,
Homepass (Titik Rumah),12/01-07,1,pcs,-7.353158749999999,112.72576989999997
Kabel Drop,12/01 -> 12/01-07,67.18,m,,
Homepass (Titik Rumah),12/01-08,1,pcs,-7.35319635,112.72609750000001
Kabel Drop,12/01 -> 12/01-08,44.96,m,,
ODP,12/02,1,pcs,-7.353656860031959,112.72608754355812
Kabel Distribusi,ODC 12 -> 12/02,4.72,m,,
Homepass (Titik Rumah),12/02-01,1,pcs,-7.353637269634965,112.72627988532756
Kabel Drop,12/02 -> 12/02-01,25.59,m,,
Homepass (Titik Rumah),12/02-02,1,pcs,-7.353675549999999,112.72635019999998
Kabel Drop,12/02 -> 12/02-02,34.85,m,,
Homepass (Titik Rumah),12/02-03,1,pcs,-7.353723050000001,112.7262507
Kabel Drop,12/02 -> 12/02-03,23.33,m,,
Homepass (Titik Rumah),12/02-04,1,pcs,-7.3535714,112.7263858
Kabel Drop,12/02 -> 12/02-04,41.08,m,,
Homepass (Titik Rumah),12/02-05,1,pcs,-7.353694121098483,112.72640659637803
Kabel Drop,12/02 -> 12/02-05,42.51,m,,
Homepass (Titik Rumah),12/02-06,1,pcs,-7.353656549999999,112.72613704999999
Kabel Drop,12/02 -> 12/02-06,6.55,m,,
Homepass (Titik Rumah),12/02-07,1,pcs,-7.353790200000002,112.72631275
Kabel Drop,12/02 -> 12/02-07,34.71,m,,
Homepass (Titik Rumah),12/02-08,1,pcs,-7.353790200000005,112.72618235
Kabel Drop,12/02 -> 12/02-08,21.77,m,,
ODP,12/03,1,pcs,-7.353687563991304,112.72608212084793
Kabel Distribusi,ODC 12 -> 12/03,0.58,m,,
Homepass (Titik Rumah),12/03-01,1,pcs,-7.3536645499999995,112.72567
Kabel Drop,12/03 -> 12/03-01,54.62,m,,
Homepass (Titik Rumah),12/03-02,1,pcs,-7.353641399999999,112.7257232
Kabel Drop,12/03 -> 12/03-02,47.9,m,,
Homepass (Titik Rumah),12/03-03,1,pcs,-7.353622586407363,112.72561588079923
Kabel Drop,12/03 -> 12/03-03,62.31,m,,
Homepass (Titik Rumah),12/03-04,1,pcs,-7.353641878560723,112.7257695810931
Kabel Drop,12/03 -> 12/03-04,41.81,m,,
Homepass (Titik Rumah),12/03-05,1,pcs,-7.353661849999999,112.72581114999998
Kabel Drop,12/03 -> 12/03-05,36.02,m,,
Homepass (Titik Rumah),12/03-06,1,pcs,-7.353652216512225,112.72551345017577
Kabel Drop,12/03 -> 12/03-06,75.4,m,,
Homepass (Titik Rumah),12/03-07,1,pcs,-7.353542900000002,112.72556555
Kabel Drop,12/03 -> 12/03-07,71.03,m,,
Homepass (Titik Rumah),12/03-08,1,pcs,-7.3534969359875495,112.72572568065524
Kabel Drop,12/03 -> 12/03-08,53.59,m,,
ODP,12/04,1,pcs,-7.353873854046006,112.7260492196521
Kabel Distribusi,ODC 12 -> 12/04,24.67,m,,
Homepass (Titik Rumah),12/04-01,1,pcs,-7.353821786606535,112.72623862700661
Kabel Drop,12/04 -> 12/04-01,26.01,m,,
Homepass (Titik Rumah),12/04-02,1,pcs,-7.3539471999999995,112.72620744999999
Kabel Drop,12/04 -> 12/04-02,23.11,m,,
Homepass (Titik Rumah),12/04-03,1,pcs,-7.353768900000002,112.72611324999998
Kabel Drop,12/04 -> 12/04-03,16.37,m,,
Homepass (Titik Rumah),12/04-04,1,pcs,-7.35382842182061,112.72638702090633
Kabel Drop,12/04 -> 12/04-04,45.11,m,,
Homepass (Titik Rumah),12/04-05,1,pcs,-7.3538723500000005,112.72609580000001
Kabel Drop,12/04 -> 12/04-05,6.17,m,,
Homepass (Titik Rumah),12/04-06,1,pcs,-7.3539607999999985,112.7261032
Kabel Drop,12/04 -> 12/04-06,13.62,m,,
Homepass (Titik Rumah),12/04-07,1,pcs,-7.354022628032835,112.72618566076572
Kabel Drop,12/04 -> 12/04-07,26.83,m,,
Homepass (Titik Rumah),12/04-08,1,pcs,-7.353996372448664,112.72635159411428
Kabel Drop,12/04 -> 12/04-08,43.23,m,,
ODC,ODC 13,1,pcs,-7.353362242262396,112.72622639420455
Join Closure,JOIN CLOSURE ODC 13,1,pcs,-7.353362242262396,112.72622639420455
ODP,13/01,1,pcs,-7.353385806458542,112.72639401200186
Kabel Distribusi,ODC 13 -> 13/01,22.4,m,,
Homepass (Titik Rumah),13/01-01,1,pcs,-7.353136153484306,112.7259559716031
Kabel Drop,13/01 -> 13/01-01,66.86,m,,
Homepass (Titik Rumah),13/01-02,1,pcs,-7.353206327277151,112.72620276076113
Kabel Drop,13/01 -> 13/01-02,34.84,m,,
Homepass (Titik Rumah),13/01-03,1,pcs,-7.3532821132685315,112.72636267250314
Kabel Drop,13/01 -> 13/01-03,14.44,m,,
Homepass (Titik Rumah),13/01-04,1,pcs,-7.3533094,112.72648639999998
Kabel Drop,13/01 -> 13/01-04,15.92,m,,
Homepass (Titik Rumah),13/01-05,1,pcs,-7.353485616018943,112.72648743308787
Kabel Drop,13/01 -> 13/01-05,18.17,m,,
Homepass (Titik Rumah),13/01-06,1,pcs,-7.353594028471371,112.72648641190577
Kabel Drop,13/01 -> 13/01-06,30.36,m,,
Homepass (Titik Rumah),13/01-07,1,pcs,-7.353503250000001,112.72656015000001
Kabel Drop,13/01 -> 13/01-07,27.0,m,,
Homepass (Titik Rumah),13/01-08,1,pcs,-7.353173793894551,112.7266996693126
Kabel Drop,13/01 -> 13/01-08,49.36,m,,
ODP,13/02,1,pcs,-7.353364136184652,112.7262424338824
Kabel Distribusi,ODC 13 -> 13/02,2.14,m,,
Homepass (Titik Rumah),13/02-01,1,pcs,-7.353417472115518,112.72617324370923
Kabel Drop,13/02 -> 13/02-01,11.6,m,,
Homepass (Titik Rumah),13/02-02,1,pcs,-7.3534640710738355,112.726240747142
Kabel Drop,13/02 -> 13/02-02,13.34,m,,
Homepass (Titik Rumah),13/02-03,1,pcs,-7.353278471329965,112.72614338382503
Kabel Drop,13/02 -> 13/02-03,17.39,m,,
Homepass (Titik Rumah),13/02-04,1,pcs,-7.3534244499999994,112.72633855
Kabel Drop,13/02 -> 13/02-04,15.05,m,,
Homepass (Titik Rumah),13/02-05,1,pcs,-7.353583742358055,112.72615177782059
Kabel Drop,13/02 -> 13/02-05,31.66,m,,
Homepass (Titik Rumah),13/02-06,1,pcs,-7.3535315,112.72631140000001
Kabel Drop,13/02 -> 13/02-06,24.13,m,,
Homepass (Titik Rumah),13/02-07,1,pcs,-7.35326095,112.72628915000003
Kabel Drop,13/02 -> 13/02-07,15.09,m,,
Homepass (Titik Rumah),13/02-08,1,pcs,-7.353619283982013,112.72621247853493
Kabel Drop,13/02 -> 13/02-08,34.28,m,,
ODP,13/03,1,pcs,-7.3534462243567145,112.72612474450057
Kabel Distribusi,ODC 13 -> 13/03,17.51,m,,
Homepass (Titik Rumah),13/03-01,1,pcs,-7.35341745,112.72596
Kabel Drop,13/03 -> 13/03-01,22.14,m,,
Homepass (Titik Rumah),13/03-02,1,pcs,-7.35345105,112.72603210000001
Kabel Drop,13/03 -> 13/03-02,12.28,m,,
Homepass (Titik Rumah),13/03-03,1,pcs,-7.353391871601808,112.72604114206045
Kabel Drop,13/03 -> 13/03-03,13.23,m,,
Homepass (Titik Rumah),13/03-04,1,pcs,-7.3534986,112.72602975000001
Kabel Drop,13/03 -> 13/03-04,14.38,m,,
Homepass (Titik Rumah),13/03-05,1,pcs,-7.353538500000001,112.72593384999998
Kabel Drop,13/03 -> 13/03-05,28.1,m,,
Homepass (Titik Rumah),13/03-06,1,pcs,-7.353261178788579,112.7259727528568
Kabel Drop,13/03 -> 13/03-06,31.85,m,,
Homepass (Titik Rumah),13/03-07,1,pcs,-7.353569750000001,112.72601535
Kabel Drop,13/03 -> 13/03-07,21.94,m,,
Homepass (Titik Rumah),13/03-08,1,pcs,-7.353243578148376,112.72589295416523
Kabel Drop,13/03 -> 13/03-08,40.89,m,,
ODP,13/04,1,pcs,-7.353500838408047,112.72611509896365
Kabel Distribusi,ODC 13 -> 13/04,23.64,m,,
Homepass (Titik Rumah),13/04-01,1,pcs,-7.35349525,112.72576619999998
Kabel Drop,13/04 -> 13/04-01,46.18,m,,
Homepass (Titik Rumah),13/04-02,1,pcs,-7.353510600809075,112.72581216933207
Kabel Drop,13/04 -> 13/04-02,40.11,m,,
Homepass (Titik Rumah),13/04-03,1,pcs,-7.3534292829872845,112.7256850502432
Kabel Drop,13/04 -> 13/04-03,57.71,m,,
Homepass (Titik Rumah),13/04-04,1,pcs,-7.353387835815195,112.72575418070652
Kabel Drop,13/04 -> 13/04-04,50.09,m,,
Homepass (Titik Rumah),13/04-05,1,pcs,-7.3535368499999985,112.72587385000001
Kabel Drop,13/04 -> 13/04-05,32.29,m,,
Homepass (Titik Rumah),13/04-06,1,pcs,-7.353383852314071,112.72580512937846
Kabel Drop,13/04 -> 13/04-06,43.89,m,,
Homepass (Titik Rumah),13/04-07,1,pcs,-7.353404149999999,112.72585204999999
Kabel Drop,13/04 -> 13/04-07,37.12,m,,
Homepass (Titik Rumah),13/04-08,1,pcs,-7.35342295,112.72590384999998
Kabel Drop,13/04 -> 13/04-08,29.83,m,,
ODC,ODC 14,1,pcs,-7.353493441083041,112.72674864466111
Join Closure,JOIN CLOSURE ODC 14,1,pcs,-7.353493441083041,112.72674864466111
ODP,14/01,1,pcs,-7.35346926433215,112.72668577864442
Kabel Distribusi,ODC 14 -> 14/01,8.92,m,,
Homepass (Titik Rumah),14/01-01,1,pcs,-7.353690800000001,112.72648740000001
Kabel Drop,14/01 -> 14/01-01,39.54,m,,
Homepass (Titik Rumah),14/01-02,1,pcs,-7.353661349999999,112.72658979999999
Kabel Drop,14/01 -> 14/01-02,28.61,m,,
Homepass (Titik Rumah),14/01-03,1,pcs,-7.353835849999999,112.7265183
Kabel Drop,14/01 -> 14/01-03,53.7,m,,
Homepass (Titik Rumah),14/01-04,1,pcs,-7.353842071338922,112.72644884698495
Kabel Drop,14/01 -> 14/01-04,58.8,m,,
Homepass (Titik Rumah),14/01-05,1,pcs,-7.353820121019605,112.72658699352121
Kabel Drop,14/01 -> 14/01-05,48.61,m,,
Homepass (Titik Rumah),14/01-06,1,pcs,-7.353752977682058,112.72666915958672
Kabel Drop,14/01 -> 14/01-06,37.92,m,,
Homepass (Titik Rumah),14/01-07,1,pcs,-7.35367985,112.72668619999999
Kabel Drop,14/01 -> 14/01-07,28.1,m,,
Homepass (Titik Rumah),14/01-08,1,pcs,-7.353900599999999,112.7265652
Kabel Drop,14/01 -> 14/01-08,59.73,m,,
ODP,14/02,1,pcs,-7.3535015,112.7267696
Kabel Distribusi,ODC 14 -> 14/02,2.97,m,,
Homepass (Titik Rumah),14/02-01,1,pcs,-7.353861040467722,112.72664431838218
Kabel Drop,14/02 -> 14/02-01,50.76,m,,
Homepass (Titik Rumah),14/02-02,1,pcs,-7.353972694500802,112.72662197758649
Kabel Drop,14/02 -> 14/02-02,65.84,m,,
Homepass (Titik Rumah),14/02-03,1,pcs,-7.354015669355922,112.72660571398578
Kabel Drop,14/02 -> 14/02-03,71.95,m,,
Homepass (Titik Rumah),14/02-04,1,pcs,-7.354010681156542,112.72677013190348
Kabel Drop,14/02 -> 14/02-04,67.94,m,,
Homepass (Titik Rumah),14/02-05,1,pcs,-7.3540599,112.7266034
Kabel Drop,14/02 -> 14/02-05,77.69,m,,
Homepass (Titik Rumah),14/02-06,1,pcs,-7.354057882171058,112.726502828254
Kabel Drop,14/02 -> 14/02-06,82.21,m,,
Homepass (Titik Rumah),14/02-07,1,pcs,-7.353931528302401,112.72690080498478
Kabel Drop,14/02 -> 14/02-07,59.95,m,,
Homepass (Titik Rumah),14/02-08,1,pcs,-7.354129750000002,112.72662050000001
Kabel Drop,14/02 -> 14/02-08,86.12,m,,
ODP,14/03,1,pcs,-7.3535015,112.7267696
Kabel Distribusi,ODC 14 -> 14/03,2.97,m,,
Homepass (Titik Rumah),14/03-01,1,pcs,-7.353807199999999,112.72692665
Kabel Drop,14/03 -> 14/03-01,45.78,m,,
Homepass (Titik Rumah),14/03-02,1,pcs,-7.35395047178319,112.72696483893617
Kabel Drop,14/03 -> 14/03-02,65.24,m,,
Homepass (Titik Rumah),14/03-03,1,pcs,-7.354011344232888,112.7269537781654
Kabel Drop,14/03 -> 14/03-03,72.26,m,,
Homepass (Titik Rumah),14/03-04,1,pcs,-7.3535874,112.72686225
Kabel Drop,14/03 -> 14/03-04,16.78,m,,
Homepass (Titik Rumah),14/03-05,1,pcs,-7.354044589447369,112.72687631800427
Kabel Drop,14/03 -> 14/03-05,73.83,m,,
Homepass (Titik Rumah),14/03-06,1,pcs,-7.35408515,112.7269447
Kabel Drop,14/03 -> 14/03-06,81.25,m,,
Homepass (Titik Rumah),14/03-07,1,pcs,-7.3535828,112.7266985
Kabel Drop,14/03 -> 14/03-07,14.36,m,,
Homepass (Titik Rumah),14/03-08,1,pcs,-7.354114113313107,112.7270218215105
Kabel Drop,14/03 -> 14/03-08,88.3,m,,
ODP,14/04,1,pcs,-7.3535015,112.7267696
Kabel Distribusi,ODC 14 -> 14/04,2.97,m,,
Homepass (Titik Rumah),14/04-01,1,pcs,-7.3536645499999995,112.72739165
Kabel Drop,14/04 -> 14/04-01,85.15,m,,
Homepass (Titik Rumah),14/04-02,1,pcs,-7.3537323500000005,112.727107
Kabel Drop,14/04 -> 14/04-02,54.24,m,,
Homepass (Titik Rumah),14/04-03,1,pcs,-7.353328172033012,112.72746848016993
Kabel Drop,14/04 -> 14/04-03,95.34,m,,
Homepass (Titik Rumah),14/04-04,1,pcs,-7.353845399999999,112.72708420000001
Kabel Drop,14/04 -> 14/04-04,61.96,m,,
Homepass (Titik Rumah),14/04-05,1,pcs,-7.353912578598693,112.7270704644216
Kabel Drop,14/04 -> 14/04-05,67.78,m,,
Homepass (Titik Rumah),14/04-06,1,pcs,-7.353789236218931,112.72699332930493
Kabel Drop,14/04 -> 14/04-06,48.48,m,,
Homepass (Titik Rumah),14/04-07,1,pcs,-7.353970449999999,112.72706004999998
Kabel Drop,14/04 -> 14/04-07,73.44,m,,
Homepass (Titik Rumah),14/04-08,1,pcs,-7.3538736717539965,112.72699063874859
Kabel Drop,14/04 -> 14/04-08,57.64,m,,
ODC,ODC 15,1,pcs,-7.352817317540354,112.72684271270788
Join Closure,JOIN CLOSURE ODC 15,1,pcs,-7.352817317540354,112.72684271270788
ODP,15/01,1,pcs,-7.3528226,112.7268988
Kabel Distribusi,ODC 15 -> 15/01,7.46,m,,
Homepass (Titik Rumah),15/01-01,1,pcs,-7.352981850000001,112.7272317
Kabel Drop,15/01 -> 15/01-01,48.91,m,,
Homepass (Titik Rumah),15/01-02,1,pcs,-7.352956952326862,112.72707512169175
Kabel Drop,15/01 -> 15/01-02,29.43,m,,
Homepass (Titik Rumah),15/01-03,1,pcs,-7.352811622059888,112.72715492838144
Kabel Drop,15/01 -> 15/01-03,33.93,m,,
Homepass (Titik Rumah),15/01-04,1,pcs,-7.352917687552101,112.72695712714679
Kabel Drop,15/01 -> 15/01-04,14.85,m,,
Homepass (Titik Rumah),15/01-05,1,pcs,-7.352902062194728,112.72689307097959
Kabel Drop,15/01 -> 15/01-05,10.63,m,,
Homepass (Titik Rumah),15/01-06,1,pcs,-7.352602450000002,112.72721430000001
Kabel Drop,15/01 -> 15/01-06,51.05,m,,
Homepass (Titik Rumah),15/01-07,1,pcs,-7.35289473568134,112.72684982727644
Kabel Drop,15/01 -> 15/01-07,11.6,m,,
Homepass (Titik Rumah),15/01-08,1,pcs,-7.352499022772204,112.72723508626426
Kabel Drop,15/01 -> 15/01-08,62.01,m,,
ODP,15/02,1,pcs,-7.352804173701551,112.72670315606646
Kabel Distribusi,ODC 15 -> 15/02,18.55,m,,
Homepass (Titik Rumah),15/02-01,1,pcs,-7.352831229232698,112.72664061253715
Kabel Drop,15/02 -> 15/02-01,9.03,m,,
Homepass (Titik Rumah),15/02-02,1,pcs,-7.352886761176243,112.72669627293921
Kabel Drop,15/02 -> 15/02-02,11.06,m,,
Homepass (Titik Rumah),15/02-03,1,pcs,-7.352742756354739,112.72664397298321
Kabel Drop,15/02 -> 15/02-03,11.34,m,,
Homepass (Titik Rumah),15/02-04,1,pcs,-7.35288075,112.72674489999999
Kabel Drop,15/02 -> 15/02-04,11.62,m,,
Homepass (Titik Rumah),15/02-05,1,pcs,-7.352717522863722,112.72670904472453
Kabel Drop,15/02 -> 15/02-05,11.59,m,,
Homepass (Titik Rumah),15/02-06,1,pcs,-7.3526869,112.72664164999999
Kabel Drop,15/02 -> 15/02-06,17.64,m,,
Homepass (Titik Rumah),15/02-07,1,pcs,-7.3527305,112.72675964999999
Kabel Drop,15/02 -> 15/02-07,12.35,m,,
Homepass (Titik Rumah),15/02-08,1,pcs,-7.352896400000002,112.72679485
Kabel Drop,15/02 -> 15/02-08,17.28,m,,
ODP,15/03,1,pcs,-7.352582227607712,112.7269687284256
Kabel Distribusi,ODC 15 -> 15/03,35.53,m,,
Homepass (Titik Rumah),15/03-01,1,pcs,-7.352658,112.72697255000001
Kabel Drop,15/03 -> 15/03-01,10.12,m,,
Homepass (Titik Rumah),15/03-02,1,pcs,-7.352507672763035,112.72700269531762
Kabel Drop,15/03 -> 15/03-02,10.92,m,,
Homepass (Titik Rumah),15/03-03,1,pcs,-7.3524973499999975,112.72696050000002
Kabel Drop,15/03 -> 15/03-03,11.38,m,,
Homepass (Titik Rumah),15/03-04,1,pcs,-7.352708881885069,112.7271412569795
Kabel Drop,15/03 -> 15/03-04,28.41,m,,
Homepass (Titik Rumah),15/03-05,1,pcs,-7.352484768252454,112.72691957235965
Kabel Drop,15/03 -> 15/03-05,14.54,m,,
Homepass (Titik Rumah),15/03-06,1,pcs,-7.352475750000001,112.72687465
Kabel Drop,15/03 -> 15/03-06,18.89,m,,
Homepass (Titik Rumah),15/03-07,1,pcs,-7.352476449999999,112.72708755000001
Kabel Drop,15/03 -> 15/03-07,21.13,m,,
Homepass (Titik Rumah),15/03-08,1,pcs,-7.352477422289634,112.7268266967317
Kabel Drop,15/03 -> 15/03-08,23.43,m,,
ODP,15/04,1,pcs,-7.352570481493281,112.72684629589678
Kabel Distribusi,ODC 15 -> 15/04,32.94,m,,
Homepass (Titik Rumah),15/04-01,1,pcs,-7.352741777515651,112.7268079537654
Kabel Drop,15/04 -> 15/04-01,23.41,m,,
Homepass (Titik Rumah),15/04-02,1,pcs,-7.352749438287962,112.72685587710352
Kabel Drop,15/04 -> 15/04-02,23.91,m,,
Homepass (Titik Rumah),15/04-03,1,pcs,-7.352643035983062,112.72682166789963
Kabel Drop,15/04 -> 15/04-03,10.22,m,,
Homepass (Titik Rumah),15/04-04,1,pcs,-7.352753386488418,112.72691087722511
Kabel Drop,15/04 -> 15/04-04,25.86,m,,
Homepass (Titik Rumah),15/04-05,1,pcs,-7.352640349999999,112.72677304999999
Kabel Drop,15/04 -> 15/04-05,13.45,m,,
Homepass (Titik Rumah),15/04-06,1,pcs,-7.35265465,112.726873
Kabel Drop,15/04 -> 15/04-06,11.77,m,,
Homepass (Titik Rumah),15/04-07,1,pcs,-7.352625399999999,112.72672345
Kabel Drop,15/04 -> 15/04-07,17.83,m,,
Homepass (Titik Rumah),15/04-08,1,pcs,-7.352647713482811,112.72691892276701
Kabel Drop,15/04 -> 15/04-08,14.09,m,,
ODC,ODC 16,1,pcs,-7.352808288807412,112.72648011571637
Join Closure,JOIN CLOSURE ODC 16,1,pcs,-7.352808288807412,112.72648011571637
ODP,16/01,1,pcs,-7.352644702610147,112.72657360266979
Kabel Distribusi,ODC 16 -> 16/01,25.09,m,,
Homepass (Titik Rumah),16/01-01,1,pcs,-7.352724800000001,112.7264904
Kabel Drop,16/01 -> 16/01-01,15.34,m,,
Homepass (Titik Rumah),16/01-02,1,pcs,-7.35272215,112.72633855000002
Kabel Drop,16/01 -> 16/01-02,32.78,m,,
Homepass (Titik Rumah),16/01-03,1,pcs,-7.35278235,112.72634624999999
Kabel Drop,16/01 -> 16/01-03,35.25,m,,
Homepass (Titik Rumah),16/01-04,1,pcs,-7.3526485477277586,112.7263490754304
Kabel Drop,16/01 -> 16/01-04,29.72,m,,
Homepass (Titik Rumah),16/01-05,1,pcs,-7.352559226022137,112.72633321260244
Kabel Drop,16/01 -> 16/01-05,33.8,m,,
Homepass (Titik Rumah),16/01-06,1,pcs,-7.352685240922894,112.72619437680143
Kabel Drop,16/01 -> 16/01-06,50.48,m,,
Homepass (Titik Rumah),16/01-07,1,pcs,-7.352596622850237,112.72621524571672
Kabel Drop,16/01 -> 16/01-07,47.86,m,,
Homepass (Titik Rumah),16/01-08,1,pcs,-7.352442764387506,112.72629996885897
Kabel Drop,16/01 -> 16/01-08,45.14,m,,
ODP,16/02,1,pcs,-7.352509513987032,112.7265743236964
Kabel Distribusi,ODC 16 -> 16/02,41.77,m,,
Homepass (Titik Rumah),16/02-01,1,pcs,-7.352466472307098,112.7267800967066
Kabel Drop,16/02 -> 16/02-01,27.83,m,,
Homepass (Titik Rumah),16/02-02,1,pcs,-7.352464472457362,112.7267150463566
Kabel Drop,16/02 -> 16/02-02,19.57,m,,
Homepass (Titik Rumah),16/02-03,1,pcs,-7.3524580771168635,112.72663960542641
Kabel Drop,16/02 -> 16/02-03,11.03,m,,
Homepass (Titik Rumah),16/02-04,1,pcs,-7.352578527327558,112.72664601514498
Kabel Drop,16/02 -> 16/02-04,13.22,m,,
Homepass (Titik Rumah),16/02-05,1,pcs,-7.352627045292012,112.72665002721801
Kabel Drop,16/02 -> 16/02-05,18.61,m,,
Homepass (Titik Rumah),16/02-06,1,pcs,-7.352461800000002,112.72650315000001
Kabel Drop,16/02 -> 16/02-06,11.37,m,,
Homepass (Titik Rumah),16/02-07,1,pcs,-7.35256935,112.7264783
Kabel Drop,16/02 -> 16/02-07,15.01,m,,
Homepass (Titik Rumah),16/02-08,1,pcs,-7.3524565,112.72641329999999
Kabel Drop,16/02 -> 16/02-08,22.45,m,,
ODP,16/03,1,pcs,-7.353020209287173,112.72657433146549
Kabel Distribusi,ODC 16 -> 16/03,30.9,m,,
Homepass (Titik Rumah),16/03-01,1,pcs,-7.353033077760403,112.72647667106718
Kabel Drop,16/03 -> 16/03-01,13.04,m,,
Homepass (Titik Rumah),16/03-02,1,pcs,-7.3529842,112.72646559999998
Kabel Drop,16/03 -> 16/03-02,15.17,m,,
Homepass (Titik Rumah),16/03-03,1,pcs,-7.353090826381277,112.72649001975486
Kabel Drop,16/03 -> 16/03-03,14.6,m,,
Homepass (Titik Rumah),16/03-04,1,pcs,-7.3529253500000005,112.72646424999999
Kabel Drop,16/03 -> 16/03-04,19.3,m,,
Homepass (Titik Rumah),16/03-05,1,pcs,-7.3531870459031135,112.7265085270697
Kabel Drop,16/03 -> 16/03-05,23.9,m,,
Homepass (Titik Rumah),16/03-06,1,pcs,-7.353196650000001,112.72644079999999
Kabel Drop,16/03 -> 16/03-06,29.44,m,,
Homepass (Titik Rumah),16/03-07,1,pcs,-7.35284915,112.72639684999999
Kabel Drop,16/03 -> 16/03-07,32.75,m,,
Homepass (Titik Rumah),16/03-08,1,pcs,-7.352896744424479,112.72662722708945
Kabel Drop,16/03 -> 16/03-08,17.9,m,,
ODP,16/04,1,pcs,-7.353068072174092,112.72657442195779
Kabel Distribusi,ODC 16 -> 16/04,36.84,m,,
Homepass (Titik Rumah),16/04-01,1,pcs,-7.3530320599292045,112.72626678186751
Kabel Drop,16/04 -> 16/04-01,40.99,m,,
Homepass (Titik Rumah),16/04-02,1,pcs,-7.353047427079029,112.72632500504608
Kabel Drop,16/04 -> 16/04-02,33.12,m,,
Homepass (Titik Rumah),16/04-03,1,pcs,-7.353068968455448,112.72620208433653
Kabel Drop,16/04 -> 16/04-03,49.27,m,,
Homepass (Titik Rumah),16/04-04,1,pcs,-7.353133149999999,112.72621749999998
Kabel Drop,16/04 -> 16/04-04,48.03,m,,
Homepass (Titik Rumah),16/04-05,1,pcs,-7.353141811035079,112.72631707304129
Kabel Drop,16/04 -> 16/04-05,35.45,m,,
Homepass (Titik Rumah),16/04-06,1,pcs,-7.353038073059225,112.72639048928814
Kabel Drop,16/04 -> 16/04-06,24.67,m,,
Homepass (Titik Rumah),16/04-07,1,pcs,-7.3529480000000005,112.7263608
Kabel Drop,16/04 -> 16/04-07,32.49,m,,
Homepass (Titik Rumah),16/04-08,1,pcs,-7.353139122203747,112.72638179708433
Kabel Drop,16/04 -> 16/04-08,27.2,m,,
ODC,ODC 17,1,pcs,-7.35253885304191,112.72593259602895
Join Closure,JOIN CLOSURE ODC 17,1,pcs,-7.35253885304191,112.72593259602895
ODP,17/01,1,pcs,-7.352798866551677,112.72584224246745
Kabel Distribusi,ODC 17 -> 17/01,36.7,m,,
Homepass (Titik Rumah),17/01-01,1,pcs,-7.352879743708843,112.72615247683959
Kabel Drop,17/01 -> 17/01-01,42.45,m,,
Homepass (Titik Rumah),17/01-02,1,pcs,-7.3528255499999995,112.7261652
Kabel Drop,17/01 -> 17/01-02,42.89,m,,
Homepass (Titik Rumah),17/01-03,1,pcs,-7.35295705,112.72614185000002
Kabel Drop,17/01 -> 17/01-03,44.92,m,,
Homepass (Titik Rumah),17/01-04,1,pcs,-7.352975,112.7262181
Kabel Drop,17/01 -> 17/01-04,55.01,m,,
Homepass (Titik Rumah),17/01-05,1,pcs,-7.35284685,112.72627215000001
Kabel Drop,17/01 -> 17/01-05,57.25,m,,
Homepass (Titik Rumah),17/01-06,1,pcs,-7.352754423201478,112.72617994272541
Kabel Drop,17/01 -> 17/01-06,45.08,m,,
Homepass (Titik Rumah),17/01-07,1,pcs,-7.3529212236318395,112.72629338931073
Kabel Drop,17/01 -> 17/01-07,61.9,m,,
Homepass (Titik Rumah),17/01-08,1,pcs,-7.353048700000001,112.72611425000001
Kabel Drop,17/01 -> 17/01-08,49.06,m,,
ODP,17/02,1,pcs,-7.35257408672642,112.72591970727103
Kabel Distribusi,ODC 17 -> 17/02,5.0,m,,
Homepass (Titik Rumah),17/02-01,1,pcs,-7.3525944789749555,112.72613300488588
Kabel Drop,17/02 -> 17/02-01,28.36,m,,
Homepass (Titik Rumah),17/02-02,1,pcs,-7.35251635,112.7260286
Kabel Drop,17/02 -> 17/02-02,16.34,m,,
Homepass (Titik Rumah),17/02-03,1,pcs,-7.352664980098673,112.72601700585757
Kabel Drop,17/02 -> 17/02-03,17.69,m,,
Homepass (Titik Rumah),17/02-04,1,pcs,-7.352585500000001,112.72599154999999
Kabel Drop,17/02 -> 17/02-04,9.63,m,,
Homepass (Titik Rumah),17/02-05,1,pcs,-7.352454049999999,112.72617370000002
Kabel Drop,17/02 -> 17/02-05,37.23,m,,
Homepass (Titik Rumah),17/02-06,1,pcs,-7.35263405,112.72595095
Kabel Drop,17/02 -> 17/02-06,9.01,m,,
Homepass (Titik Rumah),17/02-07,1,pcs,-7.352424428915282,112.72604835858088
Kabel Drop,17/02 -> 17/02-07,26.24,m,,
Homepass (Titik Rumah),17/02-08,1,pcs,-7.3531192,112.72610889999999
Kabel Drop,17/02 -> 17/02-08,76.93,m,,
ODP,17/03,1,pcs,-7.352293435985312,112.72572742878198
Kabel Distribusi,ODC 17 -> 17/03,42.54,m,,
Homepass (Titik Rumah),17/03-01,1,pcs,-7.352534299999999,112.72566260000002
Kabel Drop,17/03 -> 17/03-01,33.26,m,,
Homepass (Titik Rumah),17/03-02,1,pcs,-7.35250371121731,112.72559186899478
Kabel Drop,17/03 -> 17/03-02,33.3,m,,
Homepass (Titik Rumah),17/03-03,1,pcs,-7.352568533858862,112.72577628129315
Kabel Drop,17/03 -> 17/03-03,37.27,m,,
Homepass (Titik Rumah),17/03-04,1,pcs,-7.352636451038021,112.72574296785041
Kabel Drop,17/03 -> 17/03-04,45.82,m,,
Homepass (Titik Rumah),17/03-05,1,pcs,-7.352494369625138,112.72579838816611
Kabel Drop,17/03 -> 17/03-05,28.41,m,,
Homepass (Titik Rumah),17/03-06,1,pcs,-7.352644275995217,112.72556346323809
Kabel Drop,17/03 -> 17/03-06,51.6,m,,
Homepass (Titik Rumah),17/03-07,1,pcs,-7.352387650000003,112.7257079
Kabel Drop,17/03 -> 17/03-07,12.83,m,,
Homepass (Titik Rumah),17/03-08,1,pcs,-7.352478119255316,112.72551846679092
Kabel Drop,17/03 -> 17/03-08,37.04,m,,
ODP,17/04,1,pcs,-7.352278572578651,112.72566570265101
Kabel Distribusi,ODC 17 -> 17/04,49.53,m,,
Homepass (Titik Rumah),17/04-01,1,pcs,-7.352364719165956,112.72565089792845
Kabel Drop,17/04 -> 17/04-01,11.66,m,,
Homepass (Titik Rumah),17/04-02,1,pcs,-7.352344086340637,112.72558988012011
Kabel Drop,17/04 -> 17/04-02,13.31,m,,
Homepass (Titik Rumah),17/04-03,1,pcs,-7.352381000000002,112.72576855
Kabel Drop,17/04 -> 17/04-03,19.29,m,,
Homepass (Titik Rumah),17/04-04,1,pcs,-7.35233078511958,112.72552418036678
Kabel Drop,17/04 -> 17/04-04,19.98,m,,
Homepass (Titik Rumah),17/04-05,1,pcs,-7.35238465,112.72581515000002
Kabel Drop,17/04 -> 17/04-05,24.32,m,,
Homepass (Titik Rumah),17/04-06,1,pcs,-7.35230735,112.72546235000002
Kabel Drop,17/04 -> 17/04-06,27.18,m,,
Homepass (Titik Rumah),17/04-07,1,pcs,-7.352454838119747,112.72545408114706
Kabel Drop,17/04 -> 17/04-07,36.57,m,,
Homepass (Titik Rumah),17/04-08,1,pcs,-7.352416920362906,112.72587854560383
Kabel Drop,17/04 -> 17/04-08,33.68,m,,
ODC,ODC 18,1,pcs,-7.352772,112.7254511
Join Closure,JOIN CLOSURE ODC 18,1,pcs,-7.352772,112.7254511
ODP,18/01,1,pcs,-7.352772,112.7254511
Kabel Distribusi,ODC 18 -> 18/01,0.0,m,,
Homepass (Titik Rumah),18/01-01,1,pcs,-7.3529014,112.7255577
Kabel Drop,18/01 -> 18/01-01,22.3,m,,
Homepass (Titik Rumah),18/01-02,1,pcs,-7.352870807796263,112.72561652953219
Kabel Drop,18/01 -> 18/01-02,25.56,m,,
Homepass (Titik Rumah),18/01-03,1,pcs,-7.352848854540554,112.72567147193321
Kabel Drop,18/01 -> 18/01-03,30.91,m,,
Homepass (Titik Rumah),18/01-04,1,pcs,-7.352763695725473,112.72551948006019
Kabel Drop,18/01 -> 18/01-04,9.12,m,,
Homepass (Titik Rumah),18/01-05,1,pcs,-7.352772069899228,112.72569604270879
Kabel Drop,18/01 -> 18/01-05,32.41,m,,
Homepass (Titik Rumah),18/01-06,1,pcs,-7.352699869381653,112.72540173666839
Kabel Drop,18/01 -> 18/01-06,11.63,m,,
Homepass (Titik Rumah),18/01-07,1,pcs,-7.352699899999998,112.72571459999999
Kabel Drop,18/01 -> 18/01-07,36.17,m,,
Homepass (Titik Rumah),18/01-08,1,pcs,-7.352638700000001,112.72540915000003
Kabel Drop,18/01 -> 18/01-08,18.63,m,,
ODP,18/02,1,pcs,-7.352635760230343,112.72519714281319
Kabel Distribusi,ODC 18 -> 18/02,38.21,m,,
Homepass (Titik Rumah),18/02-01,1,pcs,-7.352624070265615,112.7250477375809
Kabel Drop,18/02 -> 18/02-01,19.83,m,,
Homepass (Titik Rumah),18/02-02,1,pcs,-7.3526982207650775,112.72501084365587
Kabel Drop,18/02 -> 18/02-02,26.02,m,,
Homepass (Titik Rumah),18/02-03,1,pcs,-7.352643199999998,112.72495654999999
Kabel Drop,18/02 -> 18/02-03,31.85,m,,
Homepass (Titik Rumah),18/02-04,1,pcs,-7.352694220763044,112.72514494181394
Kabel Drop,18/02 -> 18/02-04,10.42,m,,
Homepass (Titik Rumah),18/02-05,1,pcs,-7.352779019357251,112.7251070341984
Kabel Drop,18/02 -> 18/02-05,22.53,m,,
Homepass (Titik Rumah),18/02-06,1,pcs,-7.352803946774625,112.72495663014452
Kabel Drop,18/02 -> 18/02-06,38.94,m,,
Homepass (Titik Rumah),18/02-07,1,pcs,-7.352843900000001,112.72508395000001
Kabel Drop,18/02 -> 18/02-07,31.56,m,,
Homepass (Titik Rumah),18/02-08,1,pcs,-7.352651,112.72528374999999
Kabel Drop,18/02 -> 18/02-08,11.64,m,,
ODP,18/03,1,pcs,-7.3528603,112.7258243
Kabel Distribusi,ODC 18 -> 18/03,50.77,m,,
Homepass (Titik Rumah),18/03-01,1,pcs,-7.353141849999996,112.72570920000001
Kabel Drop,18/03 -> 18/03-01,40.54,m,,
Homepass (Titik Rumah),18/03-02,1,pcs,-7.352986500000001,112.72569750000001
Kabel Drop,18/03 -> 18/03-02,23.77,m,,
Homepass (Titik Rumah),18/03-03,1,pcs,-7.353055684385225,112.72554162005308
Kabel Drop,18/03 -> 18/03-03,45.6,m,,
Homepass (Titik Rumah),18/03-04,1,pcs,-7.3530108,112.72556535000002
Kabel Drop,18/03 -> 18/03-04,39.72,m,,
Homepass (Titik Rumah),18/03-05,1,pcs,-7.35309625,112.72551175000002
Kabel Drop,18/03 -> 18/03-05,51.98,m,,
Homepass (Titik Rumah),18/03-06,1,pcs,-7.352918494443737,112.72569397041832
Kabel Drop,18/03 -> 18/03-06,18.91,m,,
Homepass (Titik Rumah),18/03-07,1,pcs,-7.352942619126397,112.72560346622136
Kabel Drop,18/03 -> 18/03-07,31.22,m,,
Homepass (Titik Rumah),18/03-08,1,pcs,-7.352966031741871,112.72588094588347
Kabel Drop,18/03 -> 18/03-08,15.98,m,,
ODP,18/04,1,pcs,-7.3528218180627025,112.72583553916898
Kabel Distribusi,ODC 18 -> 18/04,51.31,m,,
Homepass (Titik Rumah),18/04-01,1,pcs,-7.352872146263993,112.72590268046953
Kabel Drop,18/04 -> 18/04-01,11.14,m,,
Homepass (Titik Rumah),18/04-02,1,pcs,-7.352799630985016,112.7259228131373
Kabel Drop,18/04 -> 18/04-02,11.92,m,,
Homepass (Titik Rumah),18/04-03,1,pcs,-7.352919346088887,112.72602302823041
Kabel Drop,18/04 -> 18/04-03,28.02,m,,
Homepass (Titik Rumah),18/04-04,1,pcs,-7.3528566,112.7260432
Kabel Drop,18/04 -> 18/04-04,27.87,m,,
Homepass (Titik Rumah),18/04-05,1,pcs,-7.352975550000001,112.72601300000001
Kabel Drop,18/04 -> 18/04-05,31.18,m,,
Homepass (Titik Rumah),18/04-06,1,pcs,-7.352727831284592,112.72596706438651
Kabel Drop,18/04 -> 18/04-06,21.45,m,,
Homepass (Titik Rumah),18/04-07,1,pcs,-7.353051666359174,112.72598346724986
Kabel Drop,18/04 -> 18/04-07,36.38,m,,
Homepass (Titik Rumah),18/04-08,1,pcs,-7.35274145,112.7260948
Kabel Drop,18/04 -> 18/04-08,35.95,m,,
ODC,ODC 19,1,pcs,-7.352522,112.7249817
Join Closure,JOIN CLOSURE ODC 19,1,pcs,-7.352522,112.7249817
ODP,19/01,1,pcs,-7.3522193,112.7254189
Kabel Distribusi,ODC 19 -> 19/01,70.56,m,,
Homepass (Titik Rumah),19/01-01,1,pcs,-7.352417100000002,112.7254029
Kabel Drop,19/01 -> 19/01-01,26.48,m,,
Homepass (Titik Rumah),19/01-02,1,pcs,-7.352357732926578,112.72535920376926
Kabel Drop,19/01 -> 19/01-02,20.09,m,,
Homepass (Titik Rumah),19/01-03,1,pcs,-7.352290518972535,112.72540174741727
Kabel Drop,19/01 -> 19/01-03,9.77,m,,
Homepass (Titik Rumah),19/01-04,1,pcs,-7.352526160228,112.72531169978858
Kabel Drop,19/01 -> 19/01-04,43.33,m,,
Homepass (Titik Rumah),19/01-05,1,pcs,-7.352576519688275,112.72544433824265
Kabel Drop,19/01 -> 19/01-05,47.78,m,,
Homepass (Titik Rumah),19/01-06,1,pcs,-7.3522991499999995,112.7252739
Kabel Drop,19/01 -> 19/01-06,21.95,m,,
Homepass (Titik Rumah),19/01-07,1,pcs,-7.352359711948933,112.72523545489213
Kabel Drop,19/01 -> 19/01-07,30.67,m,,
Homepass (Titik Rumah),19/01-08,1,pcs,-7.352235001198636,112.72532031724498
Kabel Drop,19/01 -> 19/01-08,13.21,m,,
ODP,19/02,1,pcs,-7.352528860921607,112.72513599118396
Kabel Distribusi,ODC 19 -> 19/02,20.44,m,,
Homepass (Titik Rumah),19/02-01,1,pcs,-7.352397642775052,112.72517946112023
Kabel Drop,19/02 -> 19/02-01,18.43,m,,
Homepass (Titik Rumah),19/02-02,1,pcs,-7.352448150000001,112.72515635000002
Kabel Drop,19/02 -> 19/02-02,11.1,m,,
Homepass (Titik Rumah),19/02-03,1,pcs,-7.352509000000001,112.72515365000002
Kabel Drop,19/02 -> 19/02-03,3.53,m,,
Homepass (Titik Rumah),19/02-04,1,pcs,-7.352558899206458,112.72522478309763
Kabel Drop,19/02 -> 19/02-04,12.42,m,,
Homepass (Titik Rumah),19/02-05,1,pcs,-7.352594454047732,112.72514967035818
Kabel Drop,19/02 -> 19/02-05,8.94,m,,
Homepass (Titik Rumah),19/02-06,1,pcs,-7.352561553608458,112.72506012020139
Kabel Drop,19/02 -> 19/02-06,10.95,m,,
Homepass (Titik Rumah),19/02-07,1,pcs,-7.352446499999999,112.72496629999999
Kabel Drop,19/02 -> 19/02-07,25.0,m,,
Homepass (Titik Rumah),19/02-08,1,pcs,-7.35259845,112.72529279999998
Kabel Drop,19/02 -> 19/02-08,22.73,m,,
ODP,19/03,1,pcs,-7.352810353432465,112.72480658791291
Kabel Distribusi,ODC 19 -> 19/03,44.92,m,,
Homepass (Titik Rumah),19/03-01,1,pcs,-7.353044019835126,112.7248827940969
Kabel Drop,19/03 -> 19/03-01,32.77,m,,
Homepass (Titik Rumah),19/03-02,1,pcs,-7.35294595,112.72492570000001
Kabel Drop,19/03 -> 19/03-02,24.0,m,,
Homepass (Titik Rumah),19/03-03,1,pcs,-7.353170731964174,112.72481236643512
Kabel Drop,19/03 -> 19/03-03,48.09,m,,
Homepass (Titik Rumah),19/03-04,1,pcs,-7.3528854500000005,112.72494309999999
Kabel Drop,19/03 -> 19/03-04,20.66,m,,
Homepass (Titik Rumah),19/03-05,1,pcs,-7.352914700000001,112.72507085
Kabel Drop,19/03 -> 19/03-05,37.64,m,,
Homepass (Titik Rumah),19/03-06,1,pcs,-7.352157550000001,112.72525459999999
Kabel Drop,19/03 -> 19/03-06,105.37,m,,
ODP,19/04,1,pcs,-7.353027870499523,112.72474326547538
Kabel Distribusi,ODC 19 -> 19/04,74.51,m,,
Homepass (Titik Rumah),19/04-01,1,pcs,-7.353186700000001,112.72503429999999
Kabel Drop,19/04 -> 19/04-01,43.96,m,,
Homepass (Titik Rumah),19/04-02,1,pcs,-7.353096900000001,112.72500115000001
Kabel Drop,19/04 -> 19/04-02,35.35,m,,
Homepass (Titik Rumah),19/04-03,1,pcs,-7.3532551999999995,112.72493809999999
Kabel Drop,19/04 -> 19/04-03,39.81,m,,
Homepass (Titik Rumah),19/04-04,1,pcs,-7.353053033211873,112.72502223505879
Kabel Drop,19/04 -> 19/04-04,37.07,m,,
Homepass (Titik Rumah),19/04-05,1,pcs,-7.353077300000001,112.72512919999998
Kabel Drop,19/04 -> 19/04-05,51.5,m,,
Homepass (Titik Rumah),19/04-06,1,pcs,-7.353187999999997,112.72488709999999
Kabel Drop,19/04 -> 19/04-06,28.62,m,,
Homepass (Titik Rumah),19/04-07,1,pcs,-7.3529908,112.7250484
Kabel Drop,19/04 -> 19/04-07,40.68,m,,
Homepass (Titik Rumah),19/04-08,1,pcs,-7.353341644839638,112.72491128022652
Kabel Drop,19/04 -> 19/04-08,47.41,m,,
ODC,ODC 20,1,pcs,-7.353120786476247,112.7253126060063
Join Closure,JOIN CLOSURE ODC 20,1,pcs,-7.353120786476247,112.7253126060063
ODP,20/01,1,pcs,-7.35334968268695,112.7252184570904
Kabel Distribusi,ODC 20 -> 20/01,32.99,m,,
Homepass (Titik Rumah),20/01-01,1,pcs,-7.353335000000001,112.7254226
Kabel Drop,20/01 -> 20/01-01,27.09,m,,
Homepass (Titik Rumah),20/01-02,1,pcs,-7.353381216666994,112.72539976634742
Kabel Drop,20/01 -> 20/01-02,24.36,m,,
Homepass (Titik Rumah),20/01-03,1,pcs,-7.353446349445745,112.7253846828818
Kabel Drop,20/01 -> 20/01-03,25.5,m,,
Homepass (Titik Rumah),20/01-04,1,pcs,-7.353377250000001,112.72530119999999
Kabel Drop,20/01 -> 20/01-04,11.55,m,,
Homepass (Titik Rumah),20/01-05,1,pcs,-7.353488267513357,112.72545844886152
Kabel Drop,20/01 -> 20/01-05,36.75,m,,
Homepass (Titik Rumah),20/01-06,1,pcs,-7.353524527387065,112.72534413851274
Kabel Drop,20/01 -> 20/01-06,28.65,m,,
Homepass (Titik Rumah),20/01-07,1,pcs,-7.3534005,112.72561940000001
Kabel Drop,20/01 -> 20/01-07,53.49,m,,
Homepass (Titik Rumah),20/01-08,1,pcs,-7.353522868092726,112.72551109775367
Kabel Drop,20/01 -> 20/01-08,45.1,m,,
ODP,20/02,1,pcs,-7.353192267071515,112.72528300037241
Kabel Distribusi,ODC 20 -> 20/02,10.31,m,,
Homepass (Titik Rumah),20/02-01,1,pcs,-7.3531737049534565,112.72535416953107
Kabel Drop,20/02 -> 20/02-01,9.74,m,,
Homepass (Titik Rumah),20/02-02,1,pcs,-7.353249400000001,112.72532435
Kabel Drop,20/02 -> 20/02-02,9.38,m,,
Homepass (Titik Rumah),20/02-03,1,pcs,-7.3532113,112.72546445
Kabel Drop,20/02 -> 20/02-03,24.15,m,,
Homepass (Titik Rumah),20/02-04,1,pcs,-7.353167749999999,112.7252276
Kabel Drop,20/02 -> 20/02-04,8.03,m,,
Homepass (Titik Rumah),20/02-05,1,pcs,-7.35328145,112.72544805000001
Kabel Drop,20/02 -> 20/02-05,24.87,m,,
Homepass (Titik Rumah),20/02-06,1,pcs,-7.353146799999999,112.72549734999998
Kabel Drop,20/02 -> 20/02-06,29.01,m,,
Homepass (Titik Rumah),20/02-07,1,pcs,-7.3533120499999995,112.72530055
Kabel Drop,20/02 -> 20/02-07,16.15,m,,
Homepass (Titik Rumah),20/02-08,1,pcs,-7.353227282011043,112.72520666532465
Kabel Drop,20/02 -> 20/02-08,11.13,m,,
ODP,20/03,1,pcs,-7.35304612011469,112.72534291543428
Kabel Distribusi,ODC 20 -> 20/03,10.74,m,,
Homepass (Titik Rumah),20/03-01,1,pcs,-7.35296575,112.7253153
Kabel Drop,20/03 -> 20/03-01,11.33,m,,
Homepass (Titik Rumah),20/03-02,1,pcs,-7.353017098373718,112.72528143177482
Kabel Drop,20/03 -> 20/03-02,9.01,m,,
Homepass (Titik Rumah),20/03-03,1,pcs,-7.353073999999998,112.72526634999998
Kabel Drop,20/03 -> 20/03-03,10.79,m,,
Homepass (Titik Rumah),20/03-04,1,pcs,-7.353022754214164,112.72542036940152
Kabel Drop,20/03 -> 20/03-04,10.71,m,,
Homepass (Titik Rumah),20/03-05,1,pcs,-7.352957249999999,112.7254415
Kabel Drop,20/03 -> 20/03-05,17.63,m,,
Homepass (Titik Rumah),20/03-06,1,pcs,-7.35309225,112.72538535000001
Kabel Drop,20/03 -> 20/03-06,8.33,m,,
Homepass (Titik Rumah),20/03-07,1,pcs,-7.35302175326917,112.72515301930257
Kabel Drop,20/03 -> 20/03-07,25.34,m,,
Homepass (Titik Rumah),20/03-08,1,pcs,-7.353124849999999,112.7252489
Kabel Drop,20/03 -> 20/03-08,16.28,m,,
ODP,20/04,1,pcs,-7.352894569445863,112.72540482801399
Kabel Distribusi,ODC 20 -> 20/04,32.56,m,,
Homepass (Titik Rumah),20/04-01,1,pcs,-7.352820918772323,112.7252374862578
Kabel Drop,20/04 -> 20/04-01,24.23,m,,
Homepass (Titik Rumah),20/04-02,1,pcs,-7.352885096999027,112.72520198081412
Kabel Drop,20/04 -> 20/04-02,26.87,m,,
Homepass (Titik Rumah),20/04-03,1,pcs,-7.352726803638408,112.725271019745
Kabel Drop,20/04 -> 20/04-03,28.54,m,,
Homepass (Titik Rumah),20/04-04,1,pcs,-7.352875397617231,112.725350131287
Kabel Drop,20/04 -> 20/04-04,7.68,m,,
Homepass (Titik Rumah),20/04-05,1,pcs,-7.352920851083482,112.72532281778443
Kabel Drop,20/04 -> 20/04-05,11.41,m,,
Homepass (Titik Rumah),20/04-06,1,pcs,-7.352825250000001,112.72537764999998
Kabel Drop,20/04 -> 20/04-06,9.92,m,,
Homepass (Titik Rumah),20/04-07,1,pcs,-7.352953749999999,112.72517945000001
Kabel Drop,20/04 -> 20/04-07,30.85,m,,
Homepass (Titik Rumah),20/04-08,1,pcs,-7.352769732047186,112.72538301926082
Kabel Drop,20/04 -> 20/04-08,16.91,m,,
ODC,ODC 21,1,pcs,-7.3536715,112.7250481
Join Closure,JOIN CLOSURE ODC 21,1,pcs,-7.3536715,112.7250481
ODP,21/01,1,pcs,-7.353776404359952,112.72487825896471
Kabel Distribusi,ODC 21 -> 21/01,26.48,m,,
Homepass (Titik Rumah),21/01-01,1,pcs,-7.3537406500000015,112.72464135000001
Kabel Drop,21/01 -> 21/01-01,31.71,m,,
Homepass (Titik Rumah),21/01-02,1,pcs,-7.353828960991054,112.72466466820988
Kabel Drop,21/01 -> 21/01-02,29.12,m,,
Homepass (Titik Rumah),21/01-03,1,pcs,-7.353863535652574,112.72484014779306
Kabel Drop,21/01 -> 21/01-03,12.67,m,,
Homepass (Titik Rumah),21/01-04,1,pcs,-7.353887087825073,112.72489233274302
Kabel Drop,21/01 -> 21/01-04,14.89,m,,
Homepass (Titik Rumah),21/01-05,1,pcs,-7.353923549999999,112.72495385
Kabel Drop,21/01 -> 21/01-05,22.04,m,,
Homepass (Titik Rumah),21/01-06,1,pcs,-7.353956456261861,112.72500483124806
Kabel Drop,21/01 -> 21/01-06,29.29,m,,
Homepass (Titik Rumah),21/01-07,1,pcs,-7.3533476175839345,112.72483581768925
Kabel Drop,21/01 -> 21/01-07,57.49,m,,
Homepass (Titik Rumah),21/01-08,1,pcs,-7.35397179392517,112.72505711862661
Kabel Drop,21/01 -> 21/01-08,35.21,m,,
ODP,21/02,1,pcs,-7.353717840804868,112.72474540645548
Kabel Distribusi,ODC 21 -> 21/02,40.53,m,,
Homepass (Titik Rumah),21/02-01,1,pcs,-7.3536542,112.72485795
Kabel Drop,21/02 -> 21/02-01,17.14,m,,
Homepass (Titik Rumah),21/02-02,1,pcs,-7.353621307571554,112.72480731981999
Kabel Drop,21/02 -> 21/02-02,15.27,m,,
Homepass (Titik Rumah),21/02-03,1,pcs,-7.353610669553688,112.72472954591849
Kabel Drop,21/02 -> 21/02-03,14.45,m,,
Homepass (Titik Rumah),21/02-04,1,pcs,-7.353507568262994,112.7248314484485
Kabel Drop,21/02 -> 21/02-04,30.28,m,,
Homepass (Titik Rumah),21/02-05,1,pcs,-7.35348065,112.72476305
Kabel Drop,21/02 -> 21/02-05,31.74,m,,
Homepass (Titik Rumah),21/02-06,1,pcs,-7.353757619316388,112.72468644664508
Kabel Drop,21/02 -> 21/02-06,9.44,m,,
Homepass (Titik Rumah),21/02-07,1,pcs,-7.3538391,112.72476965
Kabel Drop,21/02 -> 21/02-07,16.5,m,,
Homepass (Titik Rumah),21/02-08,1,pcs,-7.353808283277612,112.72472208356012
Kabel Drop,21/02 -> 21/02-08,12.46,m,,
ODP,21/03,1,pcs,-7.3534956,112.72516
Kabel Distribusi,ODC 21 -> 21/03,27.75,m,,
Homepass (Titik Rumah),21/03-01,1,pcs,-7.354409395618915,112.72662552781266
Kabel Drop,21/03 -> 21/03-01,229.09,m,,
Homepass (Titik Rumah),21/03-02,1,pcs,-7.354430650000001,112.7265347
Kabel Drop,21/03 -> 21/03-02,220.6,m,,
Homepass (Titik Rumah),21/03-03,1,pcs,-7.354082500000003,112.72529015000002
Kabel Drop,21/03 -> 21/03-03,80.18,m,,
Homepass (Titik Rumah),21/03-04,1,pcs,-7.353265649999999,112.7251872
Kabel Drop,21/03 -> 21/03-04,30.89,m,,
Homepass (Titik Rumah),21/03-05,1,pcs,-7.353364939754914,112.72505042391919
Kabel Drop,21/03 -> 21/03-05,22.68,m,,
Homepass (Titik Rumah),21/03-06,1,pcs,-7.353271149999999,112.72503570000002
Kabel Drop,21/03 -> 21/03-06,34.17,m,,
Homepass (Titik Rumah),21/03-07,1,pcs,-7.353338999999999,112.72498499999999
Kabel Drop,21/03 -> 21/03-07,31.19,m,,
Homepass (Titik Rumah),21/03-08,1,pcs,-7.3531374476820055,112.72509768117627
Kabel Drop,21/03 -> 21/03-08,48.5,m,,
ODP,21/04,1,pcs,-7.353452132575629,112.72517741382913
Kabel Distribusi,ODC 21 -> 21/04,33.91,m,,
Homepass (Titik Rumah),21/04-01,1,pcs,-7.353480299999997,112.725269
Kabel Drop,21/04 -> 21/04-01,12.69,m,,
Homepass (Titik Rumah),21/04-02,1,pcs,-7.35342837511568,112.72522243508105
Kabel Drop,21/04 -> 21/04-02,6.75,m,,
Homepass (Titik Rumah),21/04-03,1,pcs,-7.3535933622953396,112.72530657673845
Kabel Drop,21/04 -> 21/04-03,25.44,m,,
Homepass (Titik Rumah),21/04-04,1,pcs,-7.353412483583818,112.72513323164215
Kabel Drop,21/04 -> 21/04-04,7.89,m,,
Homepass (Titik Rumah),21/04-05,1,pcs,-7.353472317550585,112.72511178307933
Kabel Drop,21/04 -> 21/04-05,9.09,m,,
Homepass (Titik Rumah),21/04-06,1,pcs,-7.3536232812950795,112.72518820523838
Kabel Drop,21/04 -> 21/04-06,22.88,m,,
Homepass (Titik Rumah),21/04-07,1,pcs,-7.353355598085793,112.72514998157591
Kabel Drop,21/04 -> 21/04-07,13.38,m,,
Homepass (Titik Rumah),21/04-08,1,pcs,-7.35330725,112.72517765
Kabel Drop,21/04 -> 21/04-08,19.33,m,,
ODC,ODC 22,1,pcs,-7.353969797423302,112.72528001108454
Join Closure,JOIN CLOSURE ODC 22,1,pcs,-7.353969797423302,112.72528001108454
ODP,22/01,1,pcs,-7.354094901488473,112.72552255442329
Kabel Distribusi,ODC 22 -> 22/01,36.18,m,,
Homepass (Titik Rumah),22/01-01,1,pcs,-7.3538480851911086,112.72557981661734
Kabel Drop,22/01 -> 22/01-01,33.79,m,,
Homepass (Titik Rumah),22/01-02,1,pcs,-7.353871032388254,112.72562270102163
Kabel Drop,22/01 -> 22/01-02,32.68,m,,
Homepass (Titik Rumah),22/01-03,1,pcs,-7.353769600000001,112.72563714999998
Kabel Drop,22/01 -> 22/01-03,45.98,m,,
Homepass (Titik Rumah),22/01-04,1,pcs,-7.3537304,112.72558144999999
Kabel Drop,22/01 -> 22/01-04,49.26,m,,
Homepass (Titik Rumah),22/01-05,1,pcs,-7.3539112499999995,112.72568545000001
Kabel Drop,22/01 -> 22/01-05,32.64,m,,
Homepass (Titik Rumah),22/01-06,1,pcs,-7.353785150000003,112.72571135000001
Kabel Drop,22/01 -> 22/01-06,48.3,m,,
Homepass (Titik Rumah),22/01-07,1,pcs,-7.354011435325237,112.72562173066105
Kabel Drop,22/01 -> 22/01-07,17.21,m,,
Homepass (Titik Rumah),22/01-08,1,pcs,-7.3538459,112.72577545
Kabel Drop,22/01 -> 22/01-08,47.16,m,,
ODP,22/02,1,pcs,-7.354035953597643,112.72540938551376
Kabel Distribusi,ODC 22 -> 22/02,19.26,m,,
Homepass (Titik Rumah),22/02-01,1,pcs,-7.353922214406779,112.72539706664007
Kabel Drop,22/02 -> 22/02-01,15.26,m,,
Homepass (Titik Rumah),22/02-02,1,pcs,-7.35394118266272,112.72545075087017
Kabel Drop,22/02 -> 22/02-02,13.78,m,,
Homepass (Titik Rumah),22/02-03,1,pcs,-7.353957449999999,112.72550804999997
Kabel Drop,22/02 -> 22/02-03,16.74,m,,
Homepass (Titik Rumah),22/02-04,1,pcs,-7.3537922000000036,112.72544540000003
Kabel Drop,22/02 -> 22/02-04,32.87,m,,
Homepass (Titik Rumah),22/02-05,1,pcs,-7.3539914000000035,112.72555665
Kabel Drop,22/02 -> 22/02-05,20.38,m,,
Homepass (Titik Rumah),22/02-06,1,pcs,-7.3538098347005345,112.72553223261556
Kabel Drop,22/02 -> 22/02-06,34.27,m,,
Homepass (Titik Rumah),22/02-07,1,pcs,-7.354092967020722,112.72534559955257
Kabel Drop,22/02 -> 22/02-07,11.36,m,,
Homepass (Titik Rumah),22/02-08,1,pcs,-7.354113532885263,112.7253866845167
Kabel Drop,22/02 -> 22/02-08,10.78,m,,
ODP,22/03,1,pcs,-7.35393429042425,112.72520659240254
Kabel Distribusi,ODC 22 -> 22/03,10.81,m,,
Homepass (Titik Rumah),22/03-01,1,pcs,-7.353765299999999,112.72513689999998
Kabel Drop,22/03 -> 22/03-01,24.36,m,,
Homepass (Titik Rumah),22/03-02,1,pcs,-7.35383245,112.72518955
Kabel Drop,22/03 -> 22/03-02,13.77,m,,
Homepass (Titik Rumah),22/03-03,1,pcs,-7.353698087391829,112.72525058275866
Kabel Drop,22/03 -> 22/03-03,32.05,m,,
Homepass (Titik Rumah),22/03-04,1,pcs,-7.353844065472262,112.72529550121399
Kabel Drop,22/03 -> 22/03-04,16.83,m,,
Homepass (Titik Rumah),22/03-05,1,pcs,-7.3540017126591515,112.72515266709436
Kabel Drop,22/03 -> 22/03-05,11.48,m,,
Homepass (Titik Rumah),22/03-06,1,pcs,-7.353881682762829,112.72534476670063
Kabel Drop,22/03 -> 22/03-06,19.59,m,,
Homepass (Titik Rumah),22/03-07,1,pcs,-7.353752615813792,112.72539675089602
Kabel Drop,22/03 -> 22/03-07,34.94,m,,
Homepass (Titik Rumah),22/03-08,1,pcs,-7.354023650000001,112.72521234999999
Kabel Drop,22/03 -> 22/03-08,11.95,m,,
ODP,22/04,1,pcs,-7.353667608387021,112.72505233178893
Kabel Distribusi,ODC 22 -> 22/04,50.34,m,,
Homepass (Titik Rumah),22/04-01,1,pcs,-7.3535652,112.72507185000002
Kabel Drop,22/04 -> 22/04-01,13.91,m,,
Homepass (Titik Rumah),22/04-02,1,pcs,-7.3535787500000005,112.72497200000001
Kabel Drop,22/04 -> 22/04-02,15.92,m,,
Homepass (Titik Rumah),22/04-03,1,pcs,-7.353489650000001,112.7250028
Kabel Drop,22/04 -> 22/04-03,24.63,m,,
Homepass (Titik Rumah),22/04-04,1,pcs,-7.3536648636881665,112.7251074253758
Kabel Drop,22/04 -> 22/04-04,7.3,m,,
Homepass (Titik Rumah),22/04-05,1,pcs,-7.3537083999999995,112.72499475
Kabel Drop,22/04 -> 22/04-05,9.36,m,,
Homepass (Titik Rumah),22/04-06,1,pcs,-7.353485650000001,112.724921
Kabel Drop,22/04 -> 22/04-06,29.86,m,,
Homepass (Titik Rumah),22/04-07,1,pcs,-7.353752330700195,112.72504671663802
Kabel Drop,22/04 -> 22/04-07,11.33,m,,
Homepass (Titik Rumah),22/04-08,1,pcs,-7.3536881186351275,112.7249269979415
Kabel Drop,22/04 -> 22/04-08,16.81,m,,
Kabel Feeder,Stasiun Waru -> ODC-001,474.61,m,,
Kabel Feeder,ODC-001 -> ODC-002,402.14,m,,
Kabel Feeder,ODC-002 -> ODC-003,40.0,m,,
Kabel Feeder,ODC-003 -> ODC-004,184.54,m,,
Kabel Feeder,ODC-004 -> ODC-005,164.89,m,,
Kabel Feeder,ODC-005 -> ODC-006,40.02,m,,
Kabel Feeder,ODC-006 -> ODC-007,40.02,m,,
Kabel Feeder,ODC-007 -> ODC-008,40.0,m,,
Kabel Feeder,ODC-008 -> ODC-009,44.46,m,,
Kabel Feeder,ODC-009 -> ODC-010,61.23,m,,
Kabel Feeder,ODC-010 -> ODC-011,58.01,m,,
Kabel Feeder,ODC-011 -> ODC-012,51.04,m,,
Kabel Feeder,ODC-012 -> ODC-013,46.83,m,,
Kabel Feeder,ODC-013 -> ODC-014,59.7,m,,
Kabel Feeder,ODC-014 -> ODC-015,120.88,m,,
Kabel Feeder,ODC-015 -> ODC-016,41.92,m,,
Kabel Feeder,ODC-016 -> ODC-017,144.39,m,,
Kabel Feeder,ODC-017 -> ODC-018,540.7,m,,
Kabel Feeder,ODC-018 -> ODC-019,72.17,m,,
Kabel Feeder,ODC-019 -> ODC-020,113.9,m,,
Kabel Feeder,ODC-020 -> ODC-021,68.27,m,,
Kabel Feeder,ODC-021 -> ODC-022,56.12,m,,
